-50.0,1.584,1.013,2.04,12.7,14.6,9.23,0.728
-49.0,1.576665,1.012751,2.048011,12.821265,14.668225,9.404223,0.728271
-48.0,1.569438,1.012581,2.056019,12.938973,14.734274,9.549217,0.728478
-47.0,1.562315,1.01248,2.064024,13.053519,14.798278,9.668175,0.728622
-46.0,1.555291,1.012441,2.072026,13.165297,14.860366,9.764289,0.728704
-45.0,1.548363,1.012454,2.080025,13.274704,14.92067,9.840751,0.728726
-44.0,1.541525,1.012511,2.088022,13.382135,14.97932,9.900753,0.728691
-43.0,1.534774,1.012602,2.096018,13.487985,15.036448,9.947487,0.728599
-42.0,1.528106,1.01272,2.104013,13.592649,15.092183,9.984145,0.728452
-41.0,1.521516,1.012856,2.112007,13.696522,15.146657,10.013918,0.728252
-40.0,1.515,1.013,2.12,13.8,15.2,10.04,0.728
-39.0,1.508554,1.013144,2.127993,13.903478,15.252343,10.065582,0.727698
-38.0,1.502174,1.01328,2.135987,14.007351,15.303817,10.093855,0.727348
-37.0,1.495856,1.013398,2.143982,14.112015,15.354552,10.128013,0.726951
-36.0,1.489595,1.013489,2.151978,14.217865,15.40468,10.171247,0.726509
-35.0,1.483387,1.013546,2.159975,14.325296,15.45433,10.226749,0.726024
-34.0,1.477229,1.013559,2.167974,14.434703,15.503634,10.297711,0.725496
-33.0,1.471115,1.01352,2.175976,14.546481,15.552722,10.387325,0.724928
-32.0,1.465042,1.013419,2.183981,14.661027,15.601726,10.498783,0.724322
-31.0,1.459005,1.013249,2.191989,14.778735,15.650775,10.635277,0.723679
-30.0,1.453,1.013,2.2,14.9,15.7,10.8,0.723
-29.0,1.447025,1.012668,2.208015,15.025023,15.749502,10.994231,0.722289
-28.0,1.44108,1.012269,2.216032,15.153222,15.799257,11.211602,0.721554
-27.0,1.43517,1.011821,2.224049,15.283821,15.849213,11.443833,0.720805
-26.0,1.429296,1.011346,2.232064,15.416043,15.899315,11.682643,0.720052
-25.0,1.423463,1.010861,2.240075,15.549113,15.949509,11.919754,0.719304
-24.0,1.417672,1.010388,2.24808,15.682254,15.999743,12.146884,0.718573
-23.0,1.411928,1.009946,2.256077,15.81469,16.049963,12.355754,0.717867
-22.0,1.406232,1.009554,2.264064,15.945643,16.100115,12.538083,0.717196
-21.0,1.400589,1.009232,2.272039,16.074339,16.150145,12.685592,0.71657
-20.0,1.395,1.009,2.28,16.2,16.2,12.79,0.716
-19.0,1.389469,1.008871,2.287946,16.322131,16.249649,12.845815,0.715491
-18.0,1.383993,1.008829,2.295884,16.441362,16.299154,12.858698,0.715036
-17.0,1.378573,1.008853,2.303822,16.558602,16.348596,12.837097,0.714624
-16.0,1.373205,1.00892,2.311766,16.674762,16.398062,12.78946,0.714244
-15.0,1.367887,1.009008,2.319724,16.790752,16.447632,12.724235,0.713884
-14.0,1.362619,1.009096,2.327704,16.907481,16.497393,12.649872,0.713533
-13.0,1.357398,1.009161,2.335715,17.025861,16.547426,12.574819,0.71318
-12.0,1.352222,1.009182,2.343762,17.1468,16.597816,12.507523,0.712815
-11.0,1.34709,1.009135,2.351855,17.27121,16.648646,12.456434,0.712425
-10.0,1.342,1.009,2.36,17.4,16.7,12.43,0.712
-9.0,1.33695,1.008761,2.368199,17.533752,16.751901,12.434569,0.711532
-8.0,1.331938,1.008431,2.37643,17.67173,16.804128,12.468087,0.711028
-7.0,1.326963,1.008032,2.384665,17.81287,16.856401,12.526401,0.7105
-6.0,1.322022,1.007583,2.392874,17.956108,16.908439,12.605358,0.709957
-5.0,1.317114,1.007105,2.401029,18.10038,16.959961,12.700804,0.70941
-4.0,1.312236,1.006619,2.409102,18.244621,17.010686,12.808586,0.708871
-3.0,1.307388,1.006145,2.417064,18.387768,17.060334,12.92455,0.70835
-2.0,1.302567,1.005703,2.424887,18.528756,17.108622,13.044543,0.707857
-1.0,1.297772,1.005315,2.432541,18.666522,17.155271,13.164411,0.707403
0.0,1.293,1.005,2.44,18.8,17.2,13.28,0.707
1.0,1.288251,1.004774,2.447246,18.928462,17.242648,13.388031,0.706654
2.0,1.283526,1.00463,2.454314,19.052519,17.283534,13.488715,0.706362
3.0,1.27883,1.004556,2.46125,19.173119,17.323098,13.583139,0.706114
4.0,1.274165,1.00454,2.4681,19.291206,17.361781,13.672388,0.705904
5.0,1.269534,1.00457,2.474911,19.407729,17.400023,13.757547,0.705724
6.0,1.26494,1.004635,2.481729,19.523634,17.438262,13.839703,0.705566
7.0,1.260387,1.004723,2.4886,19.639866,17.47694,13.91994,0.705423
8.0,1.255877,1.004821,2.495572,19.757374,17.516495,13.999345,0.705286
9.0,1.251413,1.004917,2.502689,19.877103,17.557369,14.079003,0.705147
10.0,1.247,1.005,2.51,20.0,17.6,14.16,0.705
11.0,1.242638,1.00506,2.517536,20.1268,17.644709,14.243199,0.704838
12.0,1.238324,1.005098,2.525274,20.257393,17.691337,14.328573,0.704661
13.0,1.234054,1.005118,2.533177,20.391456,17.739606,14.415874,0.704472
14.0,1.229823,1.005122,2.541207,20.528666,17.789236,14.504852,0.704274
15.0,1.225627,1.005113,2.549329,20.668703,17.839949,14.595258,0.704067
16.0,1.22146,1.005096,2.557504,20.811244,17.891465,14.686844,0.703855
17.0,1.217319,1.005072,2.565696,20.955966,17.943508,14.77936,0.703641
18.0,1.213198,1.005046,2.573867,21.102547,17.995797,14.872557,0.703425
19.0,1.209093,1.005021,2.581981,21.250666,18.048054,14.966187,0.703211
20.0,1.205,1.005,2.59,21.4,18.1,15.06,0.703
21.0,1.200915,1.004985,2.5979,21.550237,18.151416,15.153794,0.702795
22.0,1.19684,1.004977,2.605711,21.70111,18.202317,15.247553,0.702594
23.0,1.192779,1.004973,2.613474,21.852359,18.252779,15.341307,0.702397
24.0,1.188734,1.004973,2.62123,22.003728,18.302876,15.435086,0.702202
25.0,1.184709,1.004977,2.629023,22.154958,18.352683,15.528921,0.702007
26.0,1.180708,1.004982,2.636895,22.305791,18.402276,15.622843,0.701812
27.0,1.176733,1.004988,2.644886,22.45597,18.451729,15.716881,0.701615
28.0,1.172788,1.004994,2.653039,22.605236,18.501118,15.811067,0.701415
29.0,1.168876,1.004998,2.661397,22.753332,18.550516,15.905429,0.70121
30.0,1.165,1.005,2.67,22.9,18.6,16.0,0.701
31.0,1.161163,1.004999,2.678873,23.04505,18.649628,16.094805,0.700783
32.0,1.157363,1.004995,2.687963,23.188569,18.699395,16.189856,0.700563
33.0,1.153598,1.00499,2.697199,23.330708,18.749279,16.285159,0.700341
34.0,1.149864,1.004984,2.706511,23.471623,18.799261,16.380724,0.70012
35.0,1.146161,1.004979,2.715827,23.611466,18.849318,16.476556,0.699905
36.0,1.142484,1.004976,2.725078,23.750393,18.89943,16.572664,0.699697
37.0,1.138833,1.004976,2.734191,23.888555,18.949575,16.669055,0.6995
38.0,1.135203,1.004979,2.743096,24.026108,18.999732,16.765736,0.699316
39.0,1.131593,1.004986,2.751723,24.163205,19.049881,16.862716,0.699148
40.0,1.128,1.005,2.76,24.3,19.1,16.96,0.699
41.0,1.124422,1.00502,2.767879,24.436661,19.150073,17.057596,0.698873
42.0,1.12086,1.005043,2.775398,24.573416,19.200104,17.155505,0.698764
43.0,1.117314,1.005067,2.78262,24.710509,19.250104,17.253725,0.698668
44.0,1.113784,1.005089,2.789606,24.848181,19.300081,17.352258,0.698581
45.0,1.110272,1.005105,2.796417,24.986677,19.350045,17.451103,0.698499
46.0,1.106779,1.005113,2.803115,25.126238,19.400005,17.55026,0.698416
47.0,1.103304,1.00511,2.80976,25.267108,19.449971,17.649728,0.69833
48.0,1.099849,1.005092,2.816416,25.40953,19.499953,17.749508,0.698235
49.0,1.096414,1.005056,2.823142,25.553746,19.549959,17.849598,0.698126
50.0,1.093,1.005,2.83,25.7,19.6,17.95,0.698
51.0,1.089608,1.004922,2.837033,25.848406,19.65008,18.050711,0.697853
52.0,1.086237,1.004832,2.844204,25.998567,19.700188,18.151726,0.697687
53.0,1.082887,1.004741,2.85146,26.149957,19.750305,18.253039,0.697504
54.0,1.079558,1.004659,2.858745,26.302052,19.800416,18.354642,0.697308
55.0,1.076249,1.004599,2.866004,26.454326,19.850504,18.45653,0.697101
56.0,1.072961,1.00457,2.873183,26.606254,19.900551,18.558695,0.696885
57.0,1.069692,1.004585,2.880227,26.757311,19.950541,18.661132,0.696665
58.0,1.066442,1.004654,2.887081,26.906971,20.000457,18.763832,0.696442
59.0,1.063212,1.004789,2.89369,27.054709,20.050282,18.86679,0.696219
60.0,1.06,1.005,2.9,27.2,20.1,18.97,0.696
61.0,1.056807,1.005294,2.905981,27.342516,20.149606,19.07346,0.695786
62.0,1.053632,1.005659,2.911705,27.482718,20.199145,19.17719,0.695577
63.0,1.050478,1.006076,2.91727,27.621263,20.248675,19.281219,0.695373
64.0,1.047343,1.006529,2.922775,27.758811,20.298255,19.385572,0.695172
65.0,1.04423,1.006999,2.928316,27.896019,20.347941,19.490277,0.694974
66.0,1.041138,1.007469,2.933992,28.033546,20.397792,19.595359,0.694778
67.0,1.038069,1.007922,2.939901,28.172049,20.447866,19.700846,0.694584
68.0,1.035022,1.00834,2.94614,28.312187,20.49822,19.806764,0.69439
69.0,1.031999,1.008705,2.952807,28.454618,20.548912,19.91314,0.694195
70.0,1.029,1.009,2.96,28.6,20.6,20.02,0.694
71.0,1.026025,1.009212,2.967785,28.748831,20.651497,20.127341,0.693803
72.0,1.023074,1.009347,2.976097,28.900963,20.703233,20.235032,0.693605
73.0,1.020142,1.009417,2.984839,29.05609,20.754993,20.342915,0.693405
74.0,1.017228,1.009432,2.993917,29.213904,20.806565,20.450829,0.693205
75.0,1.014331,1.009404,3.003232,29.374098,20.857732,20.558614,0.693003
76.0,1.011446,1.009344,3.012688,29.536363,20.908281,20.66611,0.692802
77.0,1.008574,1.009262,3.02219,29.700394,20.957996,20.773156,0.692601
78.0,1.00571,1.00917,3.03164,29.865882,21.006664,20.879593,0.6924
79.0,1.002853,1.009079,3.040942,30.03252,21.05407,20.985261,0.692199
80.0,1.0,1.009,3.05,30.2,21.1,21.09,0.692
81.0,0.99715,1.008942,3.058741,30.368062,21.144308,21.193698,0.691802
82.0,0.994305,1.008904,3.067189,30.53663,21.187125,21.29644,0.691604
83.0,0.991468,1.008883,3.075392,30.705677,21.228651,21.39836,0.691407
84.0,0.988639,1.008877,3.083399,30.875173,21.269086,21.499592,0.69121
85.0,0.985822,1.008884,3.091257,31.045091,21.308631,21.600268,0.691012
86.0,0.98302,1.008899,3.099014,31.215401,21.347486,21.700523,0.690813
87.0,0.980234,1.008922,3.106719,31.386075,21.38585,21.80049,0.690613
88.0,0.977467,1.008948,3.11442,31.557086,21.423923,21.900303,0.690411
89.0,0.974722,1.008975,3.122164,31.728403,21.461907,22.000095,0.690207
90.0,0.972,1.009,3.13,31.9,21.5,22.1,0.69
91.0,0.969304,1.009021,3.137962,32.071822,21.538372,22.200147,0.68979
92.0,0.966633,1.009038,3.146028,32.243716,21.577068,22.300646,0.689579
93.0,0.963985,1.00905,3.154162,32.415502,21.616103,22.401604,0.689367
94.0,0.96136,1.009058,3.162328,32.587003,21.655489,22.503124,0.689156
95.0,0.958755,1.00906,3.170491,32.75804,21.695243,22.605314,0.688948
96.0,0.95617,1.009058,3.178614,32.928433,21.735376,22.708279,0.688744
97.0,0.953603,1.009051,3.186663,33.098005,21.775905,22.812124,0.688546
98.0,0.951054,1.009039,3.194601,33.266575,21.816842,22.916956,0.688355
99.0,0.94852,1.009022,3.202392,33.433967,21.858203,23.022879,0.688173
100.0,0.946,1.009,3.21,33.6,21.9,23.13,0.688
101.0,0.943493,1.008973,3.217399,33.764551,21.942243,23.238394,0.687839
102.0,0.941,1.008942,3.224597,33.927717,21.984913,23.34802,0.687688
103.0,0.938518,1.008907,3.231613,34.089648,22.027989,23.458805,0.687547
104.0,0.936049,1.008871,3.238463,34.250496,22.071448,23.570678,0.687416
105.0,0.933592,1.008835,3.245165,34.410411,22.115265,23.683567,0.687293
106.0,0.931147,1.008799,3.251738,34.569545,22.159419,23.797401,0.687178
107.0,0.928713,1.008765,3.258198,34.728049,22.203886,23.912106,0.68707
108.0,0.92629,1.008733,3.264563,34.886074,22.248643,24.027612,0.686969
109.0,0.923879,1.008706,3.270852,35.04377,22.293668,24.143847,0.686874
110.0,0.921478,1.008684,3.277081,35.20129,22.338937,24.260739,0.686783
111.0,0.919087,1.008668,3.283269,35.358784,22.384427,24.378216,0.686697
112.0,0.916707,1.00866,3.289432,35.516403,22.430115,24.496207,0.686615
113.0,0.914336,1.00866,3.29559,35.674299,22.475979,24.614639,0.686535
114.0,0.911976,1.00867,3.301758,35.832622,22.521995,24.733441,0.686458
115.0,0.909624,1.008691,3.307956,35.991524,22.56814,24.852541,0.686382
116.0,0.907282,1.008724,3.314201,36.151155,22.614392,24.971868,0.686307
117.0,0.904949,1.00877,3.32051,36.311667,22.660726,25.091349,0.686232
118.0,0.902624,1.008831,3.326901,36.473211,22.707121,25.210912,0.686156
119.0,0.900308,1.008907,3.333392,36.635939,22.753553,25.330487,0.686079
120.0,0.898,1.009,3.34,36.8,22.8,25.45,0.686
121.0,0.8957,1.00911,3.346739,36.96551,22.846438,25.569391,0.685918
122.0,0.893408,1.009237,3.353605,37.132435,22.892847,25.68864,0.685834
123.0,0.891125,1.00938,3.360591,37.300707,22.939207,25.807737,0.685747
124.0,0.888851,1.009537,3.367688,37.470256,22.985497,25.926674,0.685658
125.0,0.886586,1.009706,3.374889,37.641012,23.031696,26.045439,0.685566
126.0,0.884331,1.009888,3.382186,37.812906,23.077785,26.164025,0.685472
127.0,0.882086,1.01008,3.389571,37.985868,23.123743,26.28242,0.685376
128.0,0.879852,1.010282,3.397036,38.159829,23.169549,26.400617,0.685279
129.0,0.877628,1.010492,3.404573,38.33472,23.215184,26.518605,0.685179
130.0,0.875416,1.010709,3.412174,38.510471,23.260626,26.636375,0.685078
131.0,0.873216,1.010931,3.419832,38.687012,23.305856,26.753918,0.684975
132.0,0.871028,1.011159,3.427538,38.864275,23.350853,26.871224,0.684871
133.0,0.868852,1.011389,3.435286,39.042189,23.395597,26.988283,0.684765
134.0,0.866689,1.011622,3.443066,39.220686,23.440067,27.105086,0.684658
135.0,0.864539,1.011857,3.450872,39.399695,23.484244,27.221624,0.684551
136.0,0.862402,1.01209,3.458694,39.579147,23.528105,27.337887,0.684442
137.0,0.86028,1.012323,3.466526,39.758973,23.571632,27.453866,0.684332
138.0,0.858172,1.012553,3.47436,39.939104,23.614804,27.56955,0.684222
139.0,0.856078,1.012779,3.482187,40.119469,23.6576,27.684932,0.684111
140.0,0.854,1.013,3.49,40.3,23.7,27.8,0.684
141.0,0.851937,1.013215,3.497792,40.480634,23.741992,27.914755,0.683888
142.0,0.849889,1.013425,3.505561,40.661342,23.783598,28.029229,0.683777
143.0,0.847855,1.01363,3.513305,40.842098,23.824846,28.143466,0.683665
144.0,0.845836,1.01383,3.521023,41.022881,23.865766,28.257507,0.683554
145.0,0.843829,1.014027,3.528715,41.203667,23.906388,28.371395,0.683443
146.0,0.841836,1.014222,3.536378,41.384432,23.946741,28.485171,0.683333
147.0,0.839855,1.014413,3.544012,41.565154,23.986855,28.598879,0.683224
148.0,0.837886,1.014604,3.551615,41.745809,24.02676,28.712559,0.683117
149.0,0.835928,1.014793,3.559186,41.926374,24.066484,28.826255,0.683011
150.0,0.833982,1.014982,3.566723,42.106826,24.106058,28.940009,0.682906
151.0,0.832045,1.015171,3.574226,42.287141,24.14551,29.053862,0.682803
152.0,0.830119,1.015362,3.581694,42.467297,24.184871,29.167858,0.682703
153.0,0.828202,1.015554,3.589125,42.647269,24.224169,29.282037,0.682604
154.0,0.826293,1.015748,3.596517,42.827036,24.263435,29.396444,0.682509
155.0,0.824393,1.015945,3.60387,43.006572,24.302698,29.511118,0.682416
156.0,0.822501,1.016146,3.611182,43.185856,24.341988,29.626104,0.682326
157.0,0.820616,1.016352,3.618453,43.364864,24.381333,29.741443,0.682239
158.0,0.818738,1.016562,3.62568,43.543573,24.420764,29.857177,0.682156
159.0,0.816866,1.016778,3.632863,43.721959,24.46031,29.973349,0.682076
160.0,0.815,1.017,3.64,43.9,24.5,30.09,0.682
161.0,0.813139,1.017229,3.647091,44.07769,24.539856,30.207161,0.681928
162.0,0.811284,1.017464,3.654141,44.255099,24.579863,30.324812,0.68186
163.0,0.809434,1.017704,3.661155,44.432313,24.619998,30.442921,0.681796
164.0,0.807591,1.01795,3.668138,44.609421,24.66024,30.561457,0.681735
165.0,0.805753,1.0182,3.675095,44.786509,24.700565,30.680387,0.681677
166.0,0.803921,1.018453,3.682032,44.963666,24.74095,30.79968,0.681621
167.0,0.802095,1.018709,3.688954,45.140979,24.781373,30.919303,0.681569
168.0,0.800276,1.018968,3.695866,45.318534,24.821812,31.039225,0.681518
169.0,0.798463,1.019228,3.702774,45.496421,24.862243,31.159415,0.68147
170.0,0.796657,1.019489,3.709683,45.674725,24.902644,31.279839,0.681424
171.0,0.794858,1.01975,3.716599,45.853535,24.942992,31.400466,0.681379
172.0,0.793065,1.020011,3.723526,46.032938,24.983264,31.521265,0.681335
173.0,0.79128,1.02027,3.73047,46.213021,25.023438,31.642204,0.681292
174.0,0.789503,1.020528,3.737436,46.393872,25.063491,31.76325,0.68125
175.0,0.787733,1.020783,3.74443,46.575578,25.103401,31.884371,0.681209
176.0,0.78597,1.021036,3.751457,46.758227,25.143144,32.005537,0.681167
177.0,0.784215,1.021284,3.758522,46.941907,25.182698,32.126714,0.681126
178.0,0.782469,1.021528,3.765631,47.126703,25.222041,32.247872,0.681085
179.0,0.78073,1.021767,3.772788,47.312705,25.261149,32.368978,0.681043
180.0,0.779,1.022,3.78,47.5,25.3,32.49,0.681
181.0,0.777278,1.022227,3.78727,47.688643,25.338573,32.610908,0.680956
182.0,0.775565,1.022448,3.794594,47.878564,25.376852,32.731672,0.680912
183.0,0.773859,1.022663,3.801967,48.069663,25.414824,32.852267,0.680866
184.0,0.772162,1.022874,3.809386,48.261836,25.452475,32.972665,0.680819
185.0,0.770473,1.02308,3.816843,48.454984,25.489791,33.092838,0.680772
186.0,0.768791,1.023282,3.824335,48.649004,25.526759,33.21276,0.680724
187.0,0.767118,1.023481,3.831856,48.843794,25.563364,33.332403,0.680675
188.0,0.765451,1.023677,3.839401,49.039254,25.599593,33.451739,0.680626
189.0,0.763793,1.023871,3.846966,49.235281,25.635433,33.570743,0.680576
190.0,0.762141,1.024063,3.854544,49.431774,25.670868,33.689386,0.680525
191.0,0.760497,1.024254,3.862132,49.628632,25.705887,33.807641,0.680474
192.0,0.75886,1.024444,3.869724,49.825753,25.740474,33.925481,0.680422
193.0,0.757229,1.024634,3.877315,50.023035,25.774616,34.04288,0.68037
194.0,0.755606,1.024824,3.8849,50.220377,25.8083,34.159808,0.680318
195.0,0.753989,1.025015,3.892473,50.417677,25.841511,34.276241,0.680265
196.0,0.752379,1.025207,3.900031,50.614834,25.874236,34.392149,0.680213
197.0,0.750775,1.025401,3.907568,50.811747,25.906462,34.507506,0.68016
198.0,0.749177,1.025598,3.915078,51.008313,25.938173,34.622285,0.680106
199.0,0.747586,1.025797,3.922557,51.204431,25.969357,34.736459,0.680053
200.0,0.746,1.026,3.93,51.4,26.0,34.85,0.68
201.0,0.74442,1.026207,3.937403,51.59494,26.030095,34.962893,0.679947
202.0,0.742847,1.026417,3.944765,51.78926,26.059662,35.07517,0.679894
203.0,0.741279,1.026631,3.952088,51.982992,26.08873,35.186876,0.67984
204.0,0.739717,1.026849,3.959372,52.176167,26.117326,35.298056,0.679787
205.0,0.738161,1.02707,3.966619,52.368815,26.145477,35.408753,0.679734
206.0,0.73661,1.027294,3.97383,52.560969,26.173211,35.519011,0.679681
207.0,0.735066,1.027521,3.981006,52.752659,26.200556,35.628876,0.679627
208.0,0.733527,1.027752,3.988146,52.943917,26.227539,35.738392,0.679574
209.0,0.731994,1.027984,3.995254,53.134774,26.254188,35.847602,0.67952
210.0,0.730467,1.02822,4.002329,53.325261,26.280531,35.956552,0.679467
211.0,0.728946,1.028458,4.009372,53.51541,26.306595,36.065285,0.679413
212.0,0.72743,1.028698,4.016386,53.70525,26.332408,36.173847,0.679359
213.0,0.725921,1.02894,4.023369,53.894815,26.357997,36.28228,0.679305
214.0,0.724416,1.029184,4.030324,54.084135,26.383391,36.390631,0.67925
215.0,0.722918,1.02943,4.037252,54.273241,26.408615,36.498943,0.679196
216.0,0.721426,1.029678,4.044152,54.462165,26.4337,36.60726,0.679141
217.0,0.719939,1.029927,4.051028,54.650937,26.458671,36.715627,0.679085
218.0,0.718457,1.030178,4.057878,54.83959,26.483556,36.824088,0.67903
219.0,0.716982,1.030429,4.064706,55.028154,26.508384,36.932687,0.678974
220.0,0.715512,1.030682,4.07151,55.21666,26.533181,37.04147,0.678918
221.0,0.714048,1.030936,4.078293,55.40514,26.557976,37.150479,0.678862
222.0,0.712589,1.03119,4.085055,55.593624,26.582796,37.259761,0.678805
223.0,0.711137,1.031445,4.091798,55.782145,26.607668,37.369358,0.678748
224.0,0.709689,1.031701,4.098521,55.970734,26.632621,37.479315,0.678691
225.0,0.708248,1.031957,4.105227,56.159421,26.657681,37.589678,0.678633
226.0,0.706812,1.032213,4.111917,56.348237,26.682877,37.700489,0.678575
227.0,0.705381,1.032468,4.11859,56.537215,26.708235,37.811794,0.678516
228.0,0.703956,1.032724,4.125249,56.726386,26.733785,37.923636,0.678457
229.0,0.702537,1.03298,4.131894,56.915779,26.759552,38.03606,0.678397
230.0,0.701123,1.033235,4.138527,57.105428,26.785566,38.149111,0.678337
231.0,0.699715,1.033489,4.145147,57.295362,26.811853,38.262833,0.678276
232.0,0.698313,1.033742,4.151757,57.485614,26.838441,38.37727,0.678215
233.0,0.696916,1.033995,4.158357,57.676214,26.865358,38.492467,0.678153
234.0,0.695524,1.034247,4.164947,57.867194,26.892631,38.608467,0.678091
235.0,0.694138,1.034497,4.171531,58.058585,26.920288,38.725316,0.678028
236.0,0.692757,1.034746,4.178107,58.250419,26.948357,38.843057,0.677964
237.0,0.691382,1.034993,4.184677,58.442725,26.976865,38.961735,0.6779
238.0,0.690013,1.035239,4.191242,58.635536,27.00584,39.081395,0.677835
239.0,0.688648,1.035483,4.197804,58.828883,27.035309,39.20208,0.67777
240.0,0.68729,1.035725,4.204362,59.022797,27.0653,39.323835,0.677703
241.0,0.685936,1.035964,4.210919,59.21731,27.095841,39.446705,0.677637
242.0,0.684589,1.036202,4.217474,59.412452,27.126959,39.570734,0.677569
243.0,0.683246,1.036437,4.22403,59.608255,27.158682,39.695965,0.677501
244.0,0.681909,1.036669,4.230586,59.804749,27.191038,39.822444,0.677432
245.0,0.680578,1.036899,4.237144,60.001967,27.224054,39.950215,0.677362
246.0,0.679251,1.037125,4.243706,60.19994,27.257757,40.079322,0.677291
247.0,0.67793,1.037349,4.250271,60.398698,27.292176,40.20981,0.677219
248.0,0.676615,1.037569,4.256841,60.598274,27.327337,40.341723,0.677147
249.0,0.675305,1.037786,4.263417,60.798697,27.36327,40.475105,0.677074
250.0,0.674,1.038,4.27,61.0,27.4,40.61,0.677
251.0,0.672701,1.03821,4.276591,61.202203,27.437547,40.746438,0.676925
252.0,0.671406,1.038416,4.283188,61.405287,27.475891,40.884385,0.676849
253.0,0.670117,1.038619,4.289793,61.609222,27.515005,41.023794,0.676773
254.0,0.668834,1.038819,4.296405,61.813977,27.55486,41.164615,0.676696
255.0,0.667555,1.039016,4.303022,62.019522,27.595427,41.306799,0.676618
256.0,0.666282,1.039209,4.309646,62.225828,27.636679,41.450299,0.67654
257.0,0.665014,1.0394,4.316274,62.432864,27.678587,41.595066,0.676462
258.0,0.663751,1.039589,4.322907,62.640601,27.721122,41.741052,0.676383
259.0,0.662493,1.039774,4.329545,62.849008,27.764258,41.888207,0.676305
260.0,0.66124,1.039958,4.336186,63.058055,27.807964,42.036483,0.676226
261.0,0.659993,1.040139,4.342831,63.267712,27.852214,42.185833,0.676147
262.0,0.65875,1.040318,4.349479,63.47795,27.896978,42.336206,0.676068
263.0,0.657512,1.040495,4.35613,63.688737,27.942229,42.487555,0.675989
264.0,0.65628,1.04067,4.362783,63.900045,27.987937,42.639832,0.675911
265.0,0.655052,1.040844,4.369437,64.111842,28.034076,42.792987,0.675833
266.0,0.653829,1.041016,4.376093,64.3241,28.080616,42.946972,0.675755
267.0,0.652611,1.041187,4.382749,64.536787,28.12753,43.101739,0.675678
268.0,0.651398,1.041356,4.389406,64.749875,28.174789,43.25724,0.675602
269.0,0.65019,1.041525,4.396063,64.963332,28.222364,43.413424,0.675526
270.0,0.648987,1.041692,4.402719,65.177129,28.270228,43.570245,0.675451
271.0,0.647788,1.041859,4.409375,65.391235,28.318352,43.727654,0.675377
272.0,0.646595,1.042025,4.416029,65.605622,28.366708,43.885601,0.675303
273.0,0.645406,1.042191,4.422681,65.820258,28.415267,44.044039,0.675231
274.0,0.644221,1.042356,4.429331,66.035113,28.464002,44.202919,0.67516
275.0,0.643042,1.042521,4.435978,66.250158,28.512884,44.362193,0.675091
276.0,0.641867,1.042686,4.442622,66.465363,28.561884,44.521812,0.675022
277.0,0.640696,1.042851,4.449263,66.680697,28.610976,44.681727,0.674955
278.0,0.639531,1.043016,4.455899,66.89613,28.660129,44.84189,0.674889
279.0,0.63837,1.043182,4.462531,67.111633,28.709316,45.002252,0.674825
280.0,0.637213,1.043348,4.469159,67.327175,28.758509,45.162765,0.674763
281.0,0.636061,1.043515,4.475781,67.542726,28.807679,45.323381,0.674702
282.0,0.634914,1.043683,4.482397,67.758257,28.856799,45.484051,0.674644
283.0,0.633771,1.043851,4.489007,67.973737,28.905839,45.644725,0.674587
284.0,0.632632,1.044021,4.49561,68.189136,28.954772,45.805357,0.674532
285.0,0.631498,1.044192,4.502206,68.404423,29.003569,45.965897,0.674479
286.0,0.630368,1.044364,4.508795,68.61957,29.052201,46.126297,0.674429
287.0,0.629243,1.044537,4.515375,68.834546,29.100642,46.286508,0.67438
288.0,0.628122,1.044713,4.521948,69.049321,29.148862,46.446482,0.674334
289.0,0.627005,1.04489,4.528511,69.263865,29.196833,46.60617,0.674291
290.0,0.625893,1.045069,4.535065,69.478148,29.244527,46.765524,0.67425
291.0,0.624785,1.045251,4.54161,69.692139,29.291915,46.924495,0.674212
292.0,0.623681,1.045434,4.548144,69.905809,29.33897,47.083034,0.674176
293.0,0.622581,1.04562,4.554668,70.119128,29.385663,47.241094,0.674143
294.0,0.621486,1.045808,4.561181,70.332066,29.431965,47.398625,0.674114
295.0,0.620395,1.045999,4.567682,70.544592,29.477849,47.55558,0.674087
296.0,0.619308,1.046193,4.574171,70.756676,29.523286,47.711909,0.674063
297.0,0.618225,1.04639,4.580648,70.96829,29.568248,47.867564,0.674042
298.0,0.617146,1.04659,4.587112,71.179401,29.612706,48.022496,0.674025
299.0,0.616071,1.046793,4.593563,71.389981,29.656633,48.176658,0.674011
300.0,0.615,1.047,4.6,71.6,29.7,48.33,0.674
301.0,0.613933,1.04721,4.606423,71.809436,29.742785,48.482487,0.673993
302.0,0.61287,1.047424,4.612833,72.018307,29.784996,48.634133,0.673989
303.0,0.611811,1.04764,4.619228,72.22664,29.826646,48.784965,0.673989
304.0,0.610756,1.04786,4.625611,72.434461,29.867747,48.935012,0.673991
305.0,0.609705,1.048083,4.631981,72.641796,29.908315,49.0843,0.673997
306.0,0.608658,1.048309,4.638338,72.848672,29.948362,49.232856,0.674006
307.0,0.607615,1.048537,4.644682,73.055116,29.987901,49.380709,0.674018
308.0,0.606575,1.048768,4.651015,73.261154,30.026947,49.527884,0.674033
309.0,0.60554,1.049002,4.657336,73.466813,30.065513,49.674411,0.67405
310.0,0.604508,1.049238,4.663645,73.672119,30.103612,49.820315,0.67407
311.0,0.603479,1.049476,4.669943,73.877099,30.141258,49.965624,0.674093
312.0,0.602455,1.049716,4.676231,74.08178,30.178464,50.110366,0.674118
313.0,0.601434,1.049958,4.682508,74.286187,30.215244,50.254567,0.674146
314.0,0.600417,1.050201,4.688774,74.490348,30.251612,50.398256,0.674176
315.0,0.599403,1.050447,4.69503,74.694289,30.28758,50.541459,0.674208
316.0,0.598393,1.050693,4.701277,74.898037,30.323163,50.684205,0.674242
317.0,0.597387,1.050941,4.707515,75.101618,30.358373,50.826519,0.674278
318.0,0.596384,1.051191,4.713743,75.305059,30.393226,50.96843,0.674317
319.0,0.595384,1.051441,4.719962,75.508386,30.427732,51.109964,0.674357
320.0,0.594389,1.051693,4.726173,75.711625,30.461908,51.25115,0.674398
321.0,0.593396,1.051945,4.732376,75.914805,30.495765,51.392014,0.674442
322.0,0.592407,1.052198,4.738571,76.11795,30.529318,51.532583,0.674487
323.0,0.591422,1.052451,4.744758,76.321087,30.56258,51.672886,0.674533
324.0,0.590439,1.052705,4.750938,76.524244,30.595564,51.812949,0.674581
325.0,0.589461,1.052959,4.75711,76.727446,30.628284,51.9528,0.67463
326.0,0.588485,1.053213,4.763276,76.930721,30.660754,52.092466,0.67468
327.0,0.587513,1.053468,4.769436,77.134094,30.692987,52.231975,0.674732
328.0,0.586544,1.053722,4.775589,77.337593,30.724996,52.371353,0.674784
329.0,0.585578,1.053976,4.781737,77.541243,30.756795,52.510628,0.674837
330.0,0.584616,1.054229,4.787879,77.745072,30.788398,52.649827,0.674891
331.0,0.583656,1.054482,4.794015,77.949106,30.819818,52.788978,0.674946
332.0,0.5827,1.054734,4.800147,78.153371,30.851068,52.928108,0.675002
333.0,0.581747,1.054985,4.806274,78.357894,30.882162,53.067245,0.675057
334.0,0.580798,1.055236,4.812397,78.562702,30.913114,53.206414,0.675114
335.0,0.579851,1.055485,4.818515,78.767821,30.943937,53.345645,0.675171
336.0,0.578907,1.055733,4.82463,78.973277,30.974645,53.484964,0.675228
337.0,0.577966,1.05598,4.830741,79.179098,31.005251,53.624399,0.675285
338.0,0.577029,1.056225,4.836849,79.38531,31.035768,53.763977,0.675342
339.0,0.576094,1.056468,4.842954,79.591939,31.066211,53.903725,0.675399
340.0,0.575162,1.05671,4.849056,79.799012,31.096592,54.04367,0.675456
341.0,0.574233,1.05695,4.855156,80.006556,31.126925,54.18384,0.675513
342.0,0.573307,1.057188,4.861254,80.214596,31.157224,54.324263,0.67557
343.0,0.572384,1.057423,4.86735,80.42316,31.187502,54.464965,0.675626
344.0,0.571464,1.057657,4.873445,80.632275,31.217773,54.605973,0.675681
345.0,0.570546,1.057888,4.879539,80.841966,31.24805,54.747316,0.675737
346.0,0.569632,1.058116,4.885632,81.05226,31.278346,54.889021,0.675791
347.0,0.56872,1.058341,4.891724,81.263184,31.308676,55.031114,0.675845
348.0,0.56781,1.058564,4.897816,81.474764,31.339053,55.173624,0.675897
349.0,0.566904,1.058784,4.903908,81.687027,31.369489,55.316576,0.675949
350.0,0.566,1.059,4.91,81.9,31.4,55.46,0.676
351.0,0.565099,1.059213,4.916093,82.113701,31.430595,55.603916,0.67605
352.0,0.5642,1.059423,4.922186,82.32812,31.461276,55.748321,0.676098
353.0,0.563304,1.05963,4.928279,82.543237,31.49204,55.893208,0.676146
354.0,0.562411,1.059834,4.934372,82.759035,31.522887,56.038567,0.676192
355.0,0.56152,1.060036,4.940465,82.975495,31.553813,56.184391,0.676238
356.0,0.560632,1.060234,4.946557,83.192597,31.584818,56.33067,0.676283
357.0,0.559747,1.06043,4.952648,83.410324,31.6159,56.477397,0.676326
358.0,0.558864,1.060624,4.958738,83.628658,31.647057,56.624563,0.676369
359.0,0.557983,1.060815,4.964826,83.847579,31.678287,56.77216,0.676411
360.0,0.557106,1.061004,4.970913,84.067068,31.709588,56.920178,0.676453
361.0,0.55623,1.06119,4.976997,84.287108,31.740959,57.06861,0.676493
362.0,0.555358,1.061375,4.98308,84.50768,31.772397,57.217447,0.676533
363.0,0.554488,1.061558,4.98916,84.728765,31.803902,57.366681,0.676573
364.0,0.55362,1.061739,4.995237,84.950345,31.835472,57.516303,0.676612
365.0,0.552755,1.061918,5.001311,85.1724,31.867104,57.666305,0.67665
366.0,0.551892,1.062096,5.007382,85.394914,31.898796,57.816678,0.676688
367.0,0.551032,1.062272,5.013449,85.617866,31.930548,57.967415,0.676725
368.0,0.550175,1.062447,5.019513,85.841238,31.962357,58.118505,0.676762
369.0,0.54932,1.06262,5.025572,86.065012,31.994222,58.269942,0.676799
370.0,0.548467,1.062793,5.031628,86.28917,32.026141,58.421716,0.676835
371.0,0.547617,1.062964,5.037678,86.513692,32.058111,58.57382,0.676871
372.0,0.546769,1.063135,5.043724,86.73856,32.090132,58.726244,0.676907
373.0,0.545924,1.063304,5.049765,86.963756,32.122202,58.87898,0.676943
374.0,0.545081,1.063473,5.0558,87.189261,32.154318,59.03202,0.676979
375.0,0.544241,1.063642,5.06183,87.415056,32.18648,59.185355,0.677014
376.0,0.543403,1.06381,5.067854,87.641123,32.218684,59.338977,0.67705
377.0,0.542568,1.063978,5.073872,87.867443,32.25093,59.492878,0.677085
378.0,0.541735,1.064145,5.079884,88.093998,32.283216,59.647049,0.67712
379.0,0.540904,1.064313,5.085888,88.320769,32.31554,59.801481,0.677156
380.0,0.540076,1.06448,5.091886,88.547737,32.3479,59.956166,0.677192
381.0,0.53925,1.064647,5.097877,88.774885,32.380295,60.111095,0.677228
382.0,0.538426,1.064815,5.103861,89.002193,32.412722,60.266261,0.677264
383.0,0.537605,1.064983,5.109836,89.229643,32.44518,60.421655,0.6773
384.0,0.536786,1.065151,5.115804,89.457216,32.477667,60.577268,0.677337
385.0,0.53597,1.065321,5.121764,89.684893,32.510182,60.733092,0.677374
386.0,0.535156,1.06549,5.127715,89.912657,32.542723,60.889118,0.677411
387.0,0.534344,1.065661,5.133657,90.140489,32.575287,61.045338,0.677449
388.0,0.533535,1.065832,5.139591,90.368369,32.607874,61.201743,0.677487
389.0,0.532728,1.066004,5.145515,90.59628,32.64048,61.358326,0.677526
390.0,0.531923,1.066178,5.15143,90.824203,32.673106,61.515077,0.677565
391.0,0.53112,1.066353,5.157335,91.052119,32.705749,61.671988,0.677605
392.0,0.53032,1.066529,5.16323,91.28001,32.738406,61.829051,0.677646
393.0,0.529522,1.066706,5.169115,91.507857,32.771077,61.986257,0.677687
394.0,0.528727,1.066886,5.174989,91.735642,32.80376,62.143598,0.677729
395.0,0.527933,1.067066,5.180853,91.963346,32.836452,62.301065,0.677772
396.0,0.527142,1.067249,5.186705,92.19095,32.869152,62.45865,0.677816
397.0,0.526353,1.067434,5.192547,92.418436,32.901859,62.616344,0.677861
398.0,0.525567,1.06762,5.198376,92.645785,32.934571,62.77414,0.677906
399.0,0.524782,1.067809,5.204194,92.87298,32.967285,62.932028,0.677953
400.0,0.524,1.068,5.21,93.1,33.0,63.09,0.678
401.0,0.52322,1.068193,5.215794,93.326832,33.032715,63.248049,0.678049
402.0,0.522442,1.068389,5.221575,93.553474,33.065428,63.406175,0.678098
403.0,0.521667,1.068587,5.227344,93.779929,33.09814,63.564377,0.678149
404.0,0.520893,1.068787,5.233101,94.0062,33.130851,63.722657,0.6782
405.0,0.520122,1.06899,5.238846,94.232291,33.163558,63.881016,0.678253
406.0,0.519353,1.069194,5.244579,94.458203,33.196263,64.039453,0.678307
407.0,0.518586,1.069401,5.2503,94.683939,33.228965,64.19797,0.678361
408.0,0.517822,1.06961,5.256009,94.909503,33.261664,64.356567,0.678417
409.0,0.517059,1.069821,5.261707,95.134897,33.294358,64.515245,0.678474
410.0,0.516299,1.070034,5.267392,95.360124,33.327048,64.674005,0.678531
411.0,0.515541,1.070249,5.273067,95.585187,33.359733,64.832847,0.67859
412.0,0.514785,1.070466,5.278729,95.810088,33.392413,64.991772,0.67865
413.0,0.514031,1.070685,5.28438,96.034831,33.425087,65.150781,0.67871
414.0,0.513279,1.070906,5.29002,96.259418,33.457756,65.309873,0.678772
415.0,0.512529,1.071128,5.295648,96.483852,33.490418,65.469051,0.678834
416.0,0.511782,1.071353,5.301265,96.708136,33.523073,65.628315,0.678898
417.0,0.511037,1.071579,5.306871,96.932272,33.555721,65.787664,0.678962
418.0,0.510293,1.071807,5.312466,97.156264,33.588361,65.947101,0.679027
419.0,0.509552,1.072037,5.31805,97.380115,33.620993,66.106625,0.679094
420.0,0.508813,1.072268,5.323622,97.603826,33.653617,66.266237,0.679161
421.0,0.508076,1.072501,5.329184,97.827401,33.686231,66.425939,0.679229
422.0,0.507342,1.072736,5.334735,98.050843,33.718837,66.585729,0.679298
423.0,0.506609,1.072972,5.340275,98.274155,33.751433,66.745611,0.679368
424.0,0.505878,1.07321,5.345805,98.497339,33.784019,66.905583,0.679439
425.0,0.505149,1.073449,5.351323,98.720398,33.816594,67.065646,0.679511
426.0,0.504423,1.07369,5.356831,98.943336,33.849158,67.225802,0.679584
427.0,0.503699,1.073932,5.362329,99.166154,33.881711,67.386051,0.679657
428.0,0.502976,1.074176,5.367816,99.388855,33.914253,67.546393,0.679732
429.0,0.502256,1.07442,5.373293,99.611443,33.946782,67.70683,0.679807
430.0,0.501537,1.074667,5.37876,99.833921,33.979299,67.867361,0.679883
431.0,0.500821,1.074914,5.384216,100.05629,34.011802,68.027988,0.67996
432.0,0.500107,1.075163,5.389662,100.278554,34.044293,68.188711,0.680038
433.0,0.499395,1.075413,5.395098,100.500716,34.076769,68.349531,0.680117
434.0,0.498685,1.075664,5.400524,100.722779,34.109232,68.510449,0.680197
435.0,0.497976,1.075916,5.405941,100.944745,34.14168,68.671465,0.680277
436.0,0.49727,1.076169,5.411347,101.166617,34.174113,68.83258,0.680358
437.0,0.496566,1.076424,5.416743,101.388398,34.20653,68.993794,0.68044
438.0,0.495864,1.076679,5.42213,101.61009,34.238932,69.155109,0.680523
439.0,0.495164,1.076935,5.427507,101.831698,34.271317,69.316524,0.680607
440.0,0.494466,1.077193,5.432874,102.053222,34.303686,69.478041,0.680692
441.0,0.49377,1.077451,5.438232,102.274667,34.336038,69.63966,0.680777
442.0,0.493075,1.07771,5.443581,102.496035,34.368373,69.801382,0.680863
443.0,0.492383,1.07797,5.44892,102.717329,34.400689,69.963208,0.68095
444.0,0.491693,1.078231,5.45425,102.938552,34.432988,70.125137,0.681038
445.0,0.491005,1.078492,5.45957,103.159706,34.465267,70.287172,0.681126
446.0,0.490318,1.078755,5.464882,103.380794,34.497528,70.449312,0.681215
447.0,0.489634,1.079018,5.470184,103.601819,34.529769,70.611558,0.681305
448.0,0.488951,1.079281,5.475477,103.822785,34.561991,70.773912,0.681396
449.0,0.488271,1.079546,5.480761,104.043693,34.594192,70.936372,0.681487
450.0,0.487592,1.07981,5.486036,104.264546,34.626372,71.098941,0.68158
451.0,0.486916,1.080076,5.491303,104.485348,34.658531,71.261619,0.681673
452.0,0.486241,1.080342,5.496561,104.706101,34.690669,71.424406,0.681766
453.0,0.485568,1.080608,5.50181,104.926808,34.722785,71.587303,0.681861
454.0,0.484897,1.080875,5.50705,105.147472,34.754878,71.750312,0.681956
455.0,0.484228,1.081142,5.512282,105.368096,34.786949,71.913431,0.682052
456.0,0.483561,1.08141,5.517505,105.588682,34.818997,72.076663,0.682148
457.0,0.482896,1.081678,5.52272,105.809233,34.851021,72.240008,0.682246
458.0,0.482233,1.081946,5.527927,106.029752,34.883021,72.403466,0.682343
459.0,0.481571,1.082215,5.533125,106.250242,34.914997,72.567039,0.682442
460.0,0.480912,1.082483,5.538315,106.470706,34.946948,72.730726,0.682541
461.0,0.480254,1.082752,5.543497,106.691146,34.978874,72.894529,0.682641
462.0,0.479598,1.083021,5.548671,106.911566,35.010774,73.058448,0.682742
463.0,0.478944,1.083291,5.553837,107.131968,35.042648,73.222483,0.682843
464.0,0.478292,1.08356,5.558995,107.352355,35.074496,73.386636,0.682945
465.0,0.477642,1.083829,5.564146,107.572729,35.106317,73.550908,0.683048
466.0,0.476993,1.084098,5.569288,107.793094,35.138111,73.715298,0.683151
467.0,0.476347,1.084368,5.574423,108.013453,35.169877,73.879808,0.683255
468.0,0.475702,1.084637,5.57955,108.233807,35.201616,74.044437,0.68336
469.0,0.475059,1.084906,5.584669,108.454161,35.233325,74.209188,0.683465
470.0,0.474418,1.085175,5.589781,108.674517,35.265006,74.37406,0.683571
471.0,0.473778,1.085444,5.594886,108.894877,35.296658,74.539054,0.683677
472.0,0.473141,1.085712,5.599983,109.115245,35.32828,74.704171,0.683784
473.0,0.472505,1.085981,5.605073,109.335623,35.359872,74.869411,0.683892
474.0,0.471871,1.086249,5.610156,109.556014,35.391433,75.034776,0.684
475.0,0.471239,1.086517,5.615231,109.776421,35.422964,75.200265,0.684109
476.0,0.470609,1.086784,5.6203,109.996847,35.454463,75.36588,0.684218
477.0,0.46998,1.087051,5.625361,110.217294,35.485931,75.531621,0.684328
478.0,0.469353,1.087318,5.630416,110.437765,35.517366,75.697489,0.684438
479.0,0.468728,1.087584,5.635463,110.658264,35.548769,75.863484,0.684549
480.0,0.468105,1.087849,5.640504,110.878793,35.58014,76.029607,0.684661
481.0,0.467483,1.088114,5.645538,111.099355,35.611476,76.195859,0.684773
482.0,0.466864,1.088379,5.650566,111.319952,35.642779,76.362241,0.684886
483.0,0.466246,1.088643,5.655587,111.540587,35.674048,76.528752,0.684999
484.0,0.465629,1.088906,5.660601,111.761264,35.705283,76.695395,0.685113
485.0,0.465015,1.089168,5.665609,111.981985,35.736482,76.862169,0.685227
486.0,0.464402,1.08943,5.67061,112.202753,35.767646,77.029075,0.685342
487.0,0.463791,1.089691,5.675605,112.42357,35.798774,77.196113,0.685457
488.0,0.463181,1.089952,5.680594,112.64444,35.829866,77.363285,0.685573
489.0,0.462574,1.090211,5.685577,112.865366,35.860922,77.530592,0.685689
490.0,0.461968,1.09047,5.690554,113.086349,35.89194,77.698033,0.685806
491.0,0.461363,1.090727,5.695524,113.307394,35.922921,77.865609,0.685923
492.0,0.460761,1.090984,5.700489,113.528502,35.953864,78.033321,0.686041
493.0,0.46016,1.09124,5.705448,113.749676,35.984769,78.201171,0.686159
494.0,0.459561,1.091495,5.710401,113.970921,36.015636,78.369157,0.686278
495.0,0.458963,1.091748,5.715348,114.192237,36.046463,78.537282,0.686397
496.0,0.458367,1.092001,5.720289,114.413628,36.077251,78.705545,0.686517
497.0,0.457773,1.092253,5.725225,114.635097,36.107999,78.873948,0.686637
498.0,0.45718,1.092503,5.730156,114.856647,36.138707,79.042491,0.686758
499.0,0.456589,1.092752,5.735081,115.07828,36.169374,79.211175,0.686879
500.0,0.456,1.093,5.74,115.3,36.2,79.38,0.687
501.0,0.455412,1.093247,5.744914,115.521809,36.230585,79.548967,0.687122
502.0,0.454826,1.093492,5.749823,115.743708,36.261128,79.718075,0.687244
503.0,0.454242,1.093736,5.754727,115.965702,36.291631,79.887325,0.687367
504.0,0.453659,1.093979,5.759625,116.187791,36.322093,80.056715,0.68749
505.0,0.453078,1.094221,5.764519,116.409979,36.352514,80.226245,0.687613
506.0,0.452498,1.094462,5.769408,116.632267,36.382896,80.395914,0.687737
507.0,0.45192,1.094701,5.774292,116.854658,36.413237,80.565722,0.687861
508.0,0.451344,1.094939,5.779171,117.077154,36.44354,80.735668,0.687985
509.0,0.450769,1.095177,5.784046,117.299757,36.473803,80.905752,0.68811
510.0,0.450196,1.095413,5.788916,117.522469,36.504027,81.075973,0.688235
511.0,0.449624,1.095647,5.793782,117.745293,36.534212,81.246331,0.68836
512.0,0.449054,1.095881,5.798643,117.968232,36.564359,81.416825,0.688486
513.0,0.448485,1.096114,5.8035,118.191286,36.594468,81.587455,0.688612
514.0,0.447918,1.096346,5.808353,118.414459,36.624539,81.75822,0.688738
515.0,0.447353,1.096576,5.813202,118.637754,36.654572,81.929119,0.688864
516.0,0.446789,1.096806,5.818047,118.861171,36.684568,82.100152,0.688991
517.0,0.446226,1.097034,5.822888,119.084713,36.714528,82.271319,0.689117
518.0,0.445665,1.097262,5.827725,119.308384,36.74445,82.442618,0.689244
519.0,0.445106,1.097489,5.832559,119.532184,36.774336,82.61405,0.689372
520.0,0.444548,1.097714,5.837389,119.756116,36.804186,82.785614,0.689499
521.0,0.443991,1.097939,5.842215,119.980183,36.834,82.957309,0.689626
522.0,0.443436,1.098163,5.847038,120.204387,36.863779,83.129134,0.689754
523.0,0.442882,1.098385,5.851857,120.428729,36.893522,83.30109,0.689882
524.0,0.44233,1.098607,5.856674,120.653213,36.92323,83.473176,0.690009
525.0,0.44178,1.098828,5.861487,120.877841,36.952904,83.645391,0.690137
526.0,0.44123,1.099048,5.866297,121.102614,36.982543,83.817734,0.690265
527.0,0.440682,1.099268,5.871104,121.327535,37.012148,83.990205,0.690393
528.0,0.440136,1.099486,5.875908,121.552607,37.041719,84.162804,0.690521
529.0,0.439591,1.099704,5.880709,121.777831,37.071256,84.33553,0.690649
530.0,0.439047,1.099921,5.885508,122.003211,37.10076,84.508382,0.690778
531.0,0.438505,1.100137,5.890304,122.228747,37.130231,84.68136,0.690906
532.0,0.437964,1.100352,5.895097,122.454443,37.159669,84.854463,0.691034
533.0,0.437425,1.100566,5.899888,122.680301,37.189075,85.027691,0.691162
534.0,0.436887,1.10078,5.904676,122.906322,37.218449,85.201044,0.69129
535.0,0.43635,1.100993,5.909463,123.13251,37.24779,85.37452,0.691418
536.0,0.435815,1.101205,5.914247,123.358866,37.2771,85.548119,0.691546
537.0,0.435281,1.101417,5.919029,123.585393,37.306379,85.721841,0.691674
538.0,0.434748,1.101627,5.923809,123.812093,37.335627,85.895685,0.691802
539.0,0.434217,1.101838,5.928587,124.038969,37.364843,86.069651,0.69193
540.0,0.433686,1.102047,5.933363,124.266022,37.39403,86.243737,0.692058
541.0,0.433158,1.102256,5.938138,124.493254,37.423186,86.417944,0.692185
542.0,0.43263,1.102464,5.942911,124.720669,37.452312,86.592272,0.692313
543.0,0.432104,1.102672,5.947682,124.948269,37.481408,86.766718,0.69244
544.0,0.431579,1.102879,5.952452,125.176055,37.510475,86.941283,0.692567
545.0,0.431056,1.103085,5.95722,125.40403,37.539513,87.115967,0.692694
546.0,0.430534,1.103291,5.961987,125.632196,37.568522,87.290768,0.692821
547.0,0.430013,1.103496,5.966753,125.860556,37.597503,87.465687,0.692947
548.0,0.429493,1.103701,5.971518,126.089111,37.626455,87.640723,0.693074
549.0,0.428974,1.103905,5.976282,126.317864,37.655379,87.815874,0.6932
550.0,0.428457,1.104109,5.981045,126.546818,37.684276,87.991141,0.693326
551.0,0.427941,1.104313,5.985807,126.775974,37.713145,88.166524,0.693451
552.0,0.427426,1.104515,5.990568,127.005335,37.741987,88.34202,0.693576
553.0,0.426913,1.104718,5.995329,127.234903,37.770802,88.517631,0.693701
554.0,0.4264,1.10492,6.000089,127.464681,37.799591,88.693356,0.693826
555.0,0.425889,1.105121,6.004849,127.69467,37.828353,88.869193,0.693951
556.0,0.425379,1.105322,6.009608,127.924873,37.857089,89.045142,0.694075
557.0,0.424871,1.105523,6.014367,128.155292,37.8858,89.221204,0.694198
558.0,0.424363,1.105723,6.019126,128.385929,37.914485,89.397377,0.694322
559.0,0.423857,1.105923,6.023885,128.616788,37.943145,89.57366,0.694445
560.0,0.423351,1.106123,6.028643,128.847869,37.97178,89.750054,0.694567
561.0,0.422847,1.106322,6.033402,129.079175,38.00039,89.926557,0.69469
562.0,0.422344,1.106521,6.038161,129.310709,38.028976,90.10317,0.694811
563.0,0.421842,1.10672,6.04292,129.542473,38.057538,90.279891,0.694933
564.0,0.421342,1.106918,6.047679,129.774469,38.086077,90.456721,0.695054
565.0,0.420842,1.107116,6.052439,130.006699,38.114591,90.633657,0.695174
566.0,0.420344,1.107314,6.0572,130.239166,38.143083,90.810701,0.695294
567.0,0.419846,1.107512,6.061961,130.471871,38.171552,90.987852,0.695414
568.0,0.41935,1.107709,6.066722,130.704818,38.199998,91.165108,0.695533
569.0,0.418855,1.107906,6.071485,130.938008,38.228421,91.342469,0.695651
570.0,0.418361,1.108103,6.076248,131.171444,38.256823,91.519936,0.695769
571.0,0.417868,1.1083,6.081012,131.405127,38.285203,91.697506,0.695887
572.0,0.417376,1.108496,6.085778,131.639061,38.313561,91.875181,0.696004
573.0,0.416885,1.108693,6.090544,131.873247,38.341898,92.052959,0.69612
574.0,0.416395,1.108889,6.095312,132.107688,38.370214,92.230839,0.696236
575.0,0.415906,1.109086,6.100081,132.342386,38.39851,92.408821,0.696351
576.0,0.415418,1.109282,6.104851,132.577344,38.426785,92.586906,0.696466
577.0,0.414932,1.109478,6.109623,132.812562,38.45504,92.765091,0.69658
578.0,0.414446,1.109674,6.114397,133.048045,38.483275,92.943376,0.696693
579.0,0.413961,1.10987,6.119172,133.283794,38.51149,93.121762,0.696806
580.0,0.413477,1.110066,6.123949,133.519811,38.539687,93.300247,0.696918
581.0,0.412995,1.110262,6.128728,133.756099,38.567864,93.478831,0.697029
582.0,0.412513,1.110457,6.133509,133.992659,38.596023,93.657513,0.69714
583.0,0.412032,1.110653,6.138292,134.229495,38.624163,93.836294,0.69725
584.0,0.411552,1.110849,6.143077,134.466608,38.652285,94.015171,0.697359
585.0,0.411073,1.111045,6.147864,134.704001,38.680389,94.194145,0.697468
586.0,0.410596,1.111241,6.152653,134.941676,38.708476,94.373216,0.697576
587.0,0.410119,1.111437,6.157445,135.179635,38.736545,94.552382,0.697683
588.0,0.409643,1.111633,6.16224,135.41788,38.764597,94.731643,0.697789
589.0,0.409167,1.11183,6.167037,135.656415,38.792633,94.910999,0.697895
590.0,0.408693,1.112026,6.171836,135.89524,38.820652,95.090448,0.697999
591.0,0.40822,1.112223,6.176639,136.134359,38.848655,95.269992,0.698103
592.0,0.407748,1.112419,6.181444,136.373773,38.876642,95.449628,0.698206
593.0,0.407276,1.112616,6.186252,136.613485,38.904613,95.629357,0.698309
594.0,0.406805,1.112813,6.191064,136.853497,38.932569,95.809177,0.69841
595.0,0.406336,1.11301,6.195878,137.093812,38.960511,95.989089,0.698511
596.0,0.405867,1.113208,6.200696,137.334431,38.988437,96.169092,0.69861
597.0,0.405399,1.113406,6.205517,137.575357,39.016349,96.349185,0.698709
598.0,0.404932,1.113603,6.210341,137.816593,39.044246,96.529368,0.698807
599.0,0.404465,1.113802,6.215169,138.058139,39.07213,96.709639,0.698904
600.0,0.404,1.114,6.22,138.3,39.1,96.89,0.699
601.0,0.403535,1.114199,6.224835,138.542176,39.127857,97.070449,0.699095
602.0,0.403072,1.114398,6.229674,138.784663,39.1557,97.250986,0.699189
603.0,0.402609,1.114597,6.234516,139.027458,39.183529,97.431611,0.699283
604.0,0.402146,1.114797,6.239361,139.270557,39.211345,97.612326,0.699375
605.0,0.401685,1.114996,6.24421,139.513956,39.239147,97.793128,0.699466
606.0,0.401225,1.115197,6.249062,139.75765,39.266935,97.97402,0.699557
607.0,0.400765,1.115397,6.253918,140.001635,39.294709,98.155001,0.699647
608.0,0.400306,1.115598,6.258777,140.245908,39.322469,98.336072,0.699735
609.0,0.399848,1.115799,6.263638,140.490465,39.350215,98.517232,0.699823
610.0,0.399391,1.116,6.268503,140.7353,39.377946,98.698481,0.699911
611.0,0.398935,1.116201,6.273371,140.980411,39.405662,98.879821,0.699997
612.0,0.39848,1.116403,6.278242,141.225792,39.433364,99.06125,0.700083
613.0,0.398025,1.116605,6.283115,141.47144,39.461051,99.24277,0.700167
614.0,0.397572,1.116808,6.287992,141.717352,39.488724,99.42438,0.700251
615.0,0.397119,1.11701,6.29287,141.963522,39.516381,99.60608,0.700335
616.0,0.396667,1.117213,6.297752,142.209946,39.544023,99.787872,0.700417
617.0,0.396216,1.117416,6.302636,142.456621,39.57165,99.969754,0.700499
618.0,0.395766,1.117619,6.307523,142.703543,39.599262,100.151727,0.70058
619.0,0.395316,1.117823,6.312412,142.950707,39.626858,100.333792,0.70066
620.0,0.394868,1.118027,6.317303,143.198109,39.654438,100.515947,0.70074
621.0,0.39442,1.118231,6.322197,143.445746,39.682003,100.698195,0.700819
622.0,0.393973,1.118435,6.327092,143.693612,39.709552,100.880534,0.700897
623.0,0.393528,1.11864,6.33199,143.941705,39.737085,101.062965,0.700974
624.0,0.393083,1.118845,6.33689,144.190019,39.764602,101.245489,0.701051
625.0,0.392639,1.11905,6.341792,144.438551,39.792103,101.428104,0.701128
626.0,0.392195,1.119255,6.346696,144.687297,39.819588,101.610812,0.701203
627.0,0.391753,1.119461,6.351602,144.936253,39.847056,101.793613,0.701279
628.0,0.391312,1.119667,6.356509,145.185414,39.874507,101.976506,0.701353
629.0,0.390871,1.119873,6.361419,145.434776,39.901942,102.159493,0.701427
630.0,0.390431,1.120079,6.36633,145.684336,39.929361,102.342572,0.7015
631.0,0.389993,1.120286,6.371242,145.93409,39.956762,102.525745,0.701573
632.0,0.389555,1.120493,6.376156,146.184032,39.984146,102.709012,0.701645
633.0,0.389118,1.1207,6.381071,146.43416,40.011513,102.892372,0.701717
634.0,0.388682,1.120907,6.385988,146.684468,40.038863,103.075826,0.701788
635.0,0.388247,1.121114,6.390906,146.934953,40.066196,103.259374,0.701859
636.0,0.387812,1.121322,6.395825,147.185612,40.093511,103.443016,0.701929
637.0,0.387379,1.12153,6.400746,147.436439,40.120809,103.626752,0.701999
638.0,0.386947,1.121738,6.405667,147.68743,40.148089,103.810583,0.702068
639.0,0.386515,1.121946,6.41059,147.938582,40.175351,103.994509,0.702137
640.0,0.386084,1.122155,6.415513,148.189891,40.202595,104.17853,0.702205
641.0,0.385655,1.122364,6.420437,148.441352,40.229821,104.362645,0.702273
642.0,0.385226,1.122573,6.425362,148.692961,40.257029,104.546856,0.702341
643.0,0.384798,1.122782,6.430288,148.944715,40.284219,104.731163,0.702408
644.0,0.384371,1.122992,6.435215,149.196608,40.31139,104.915565,0.702475
645.0,0.383945,1.123201,6.440142,149.448638,40.338543,105.100062,0.702541
646.0,0.38352,1.123411,6.445069,149.700799,40.365677,105.284656,0.702607
647.0,0.383096,1.123621,6.449997,149.953088,40.392793,105.469346,0.702673
648.0,0.382673,1.123831,6.454926,150.205501,40.419889,105.654132,0.702738
649.0,0.38225,1.124042,6.459854,150.458034,40.446967,105.839015,0.702803
650.0,0.381829,1.124252,6.464783,150.710682,40.474025,106.023994,0.702868
651.0,0.381408,1.124463,6.469713,150.963441,40.501064,106.20907,0.702933
652.0,0.380989,1.124674,6.474642,151.216308,40.528084,106.394243,0.702997
653.0,0.38057,1.124886,6.479571,151.469279,40.555085,106.579513,0.703061
654.0,0.380153,1.125097,6.4845,151.722348,40.582065,106.76488,0.703124
655.0,0.379736,1.125309,6.48943,151.975513,40.609027,106.950345,0.703188
656.0,0.37932,1.125521,6.494359,152.228768,40.635968,107.135908,0.703251
657.0,0.378906,1.125733,6.499287,152.48211,40.662889,107.321568,0.703314
658.0,0.378492,1.125945,6.504216,152.735536,40.689791,107.507326,0.703376
659.0,0.378079,1.126157,6.509144,152.98904,40.716672,107.693183,0.703439
660.0,0.377667,1.12637,6.514071,153.242618,40.743533,107.879138,0.703501
661.0,0.377256,1.126582,6.518998,153.496267,40.770373,108.065192,0.703564
662.0,0.376846,1.126795,6.523925,153.749983,40.797194,108.251344,0.703626
663.0,0.376437,1.127008,6.528851,154.003761,40.823993,108.437595,0.703688
664.0,0.376029,1.127222,6.533776,154.257597,40.850772,108.623945,0.703749
665.0,0.375622,1.127435,6.5387,154.511488,40.877529,108.810395,0.703811
666.0,0.375216,1.127649,6.543623,154.765428,40.904266,108.996944,0.703873
667.0,0.374811,1.127863,6.548546,155.019415,40.930982,109.183592,0.703934
668.0,0.374407,1.128076,6.553467,155.273443,40.957677,109.370341,0.703995
669.0,0.374003,1.128291,6.558387,155.527509,40.98435,109.557189,0.704057
670.0,0.373601,1.128505,6.563307,155.781609,41.011002,109.744137,0.704118
671.0,0.3732,1.128719,6.568225,156.035739,41.037632,109.931186,0.704179
672.0,0.3728,1.128934,6.573141,156.289894,41.06424,110.118335,0.704241
673.0,0.3724,1.129149,6.578057,156.54407,41.090827,110.305584,0.704302
674.0,0.372002,1.129364,6.58297,156.798264,41.117392,110.492935,0.704363
675.0,0.371605,1.129579,6.587883,157.052472,41.143935,110.680386,0.704424
676.0,0.371208,1.129794,6.592794,157.306688,41.170455,110.867939,0.704486
677.0,0.370813,1.130009,6.597703,157.56091,41.196953,111.055593,0.704547
678.0,0.370419,1.130225,6.60261,157.815132,41.223429,111.243348,0.704608
679.0,0.370026,1.13044,6.607516,158.069351,41.249883,111.431205,0.70467
680.0,0.369633,1.130656,6.61242,158.323564,41.276314,111.619164,0.704731
681.0,0.369242,1.130872,6.617322,158.577765,41.302722,111.807225,0.704793
682.0,0.368852,1.131088,6.622222,158.83195,41.329107,111.995389,0.704855
683.0,0.368462,1.131304,6.627119,159.086116,41.355469,112.183654,0.704917
684.0,0.368074,1.131521,6.632015,159.340259,41.381809,112.372022,0.704979
685.0,0.367687,1.131737,6.636909,159.594374,41.408125,112.560493,0.705041
686.0,0.3673,1.131954,6.6418,159.848457,41.434417,112.749067,0.705103
687.0,0.366915,1.132171,6.646689,160.102505,41.460686,112.937744,0.705166
688.0,0.366531,1.132388,6.651575,160.356512,41.486932,113.126524,0.705228
689.0,0.366148,1.132605,6.656459,160.610476,41.513154,113.315407,0.705291
690.0,0.365765,1.132822,6.661341,160.864391,41.539352,113.504394,0.705354
691.0,0.365384,1.133039,6.66622,161.118254,41.565527,113.693485,0.705418
692.0,0.365004,1.133257,6.671096,161.372061,41.591677,113.88268,0.705481
693.0,0.364625,1.133474,6.675969,161.625808,41.617803,114.071978,0.705545
694.0,0.364247,1.133692,6.68084,161.87949,41.643905,114.261382,0.705609
695.0,0.36387,1.133909,6.685707,162.133103,41.669982,114.450889,0.705674
696.0,0.363494,1.134127,6.690572,162.386644,41.696035,114.640501,0.705738
697.0,0.363119,1.134345,6.695434,162.640109,41.722064,114.830218,0.705803
698.0,0.362745,1.134563,6.700292,162.893492,41.748067,115.02004,0.705868
699.0,0.362372,1.134782,6.705148,163.146791,41.774046,115.209968,0.705934
700.0,0.362,1.135,6.71,163.4,41.8,115.4,0.706
701.0,0.361629,1.135218,6.714849,163.653118,41.825929,115.590138,0.706066
702.0,0.361259,1.135437,6.719694,163.906145,41.851833,115.78038,0.706133
703.0,0.360891,1.135656,6.724537,164.159087,41.877712,115.970727,0.7062
704.0,0.360523,1.135874,6.729376,164.411945,41.903567,116.161176,0.706267
705.0,0.360156,1.136093,6.734211,164.664723,41.929397,116.351728,0.706335
706.0,0.35979,1.136312,6.739044,164.917425,41.955203,116.542381,0.706403
707.0,0.359426,1.136531,6.743873,165.170053,41.980985,116.733135,0.706471
708.0,0.359062,1.13675,6.748699,165.422611,42.006744,116.923988,0.70654
709.0,0.358699,1.136969,6.753521,165.675103,42.032479,117.114941,0.706608
710.0,0.358338,1.137188,6.758341,165.927531,42.05819,117.305991,0.706678
711.0,0.357977,1.137407,6.763157,166.179899,42.083879,117.497139,0.706747
712.0,0.357617,1.137626,6.76797,166.43221,42.109544,117.688384,0.706817
713.0,0.357258,1.137845,6.77278,166.684467,42.135187,117.879724,0.706887
714.0,0.3569,1.138064,6.777586,166.936675,42.160806,118.071159,0.706957
715.0,0.356544,1.138283,6.78239,167.188835,42.186404,118.262688,0.707027
716.0,0.356188,1.138502,6.78719,167.440952,42.211979,118.45431,0.707098
717.0,0.355833,1.138721,6.791987,167.693028,42.237532,118.646025,0.707169
718.0,0.355479,1.13894,6.796781,167.945067,42.263063,118.837832,0.70724
719.0,0.355125,1.139159,6.801571,168.197072,42.288572,119.029729,0.707311
720.0,0.354773,1.139378,6.806359,168.449047,42.31406,119.221716,0.707382
721.0,0.354422,1.139597,6.811143,168.700995,42.339527,119.413793,0.707454
722.0,0.354071,1.139816,6.815925,168.952919,42.364972,119.605958,0.707526
723.0,0.353722,1.140034,6.820703,169.204822,42.390397,119.79821,0.707598
724.0,0.353373,1.140253,6.825478,169.456708,42.415801,119.990549,0.70767
725.0,0.353026,1.140471,6.83025,169.70858,42.441184,120.182974,0.707742
726.0,0.352679,1.14069,6.835019,169.960441,42.466547,120.375484,0.707815
727.0,0.352333,1.140908,6.839785,170.212294,42.491889,120.568079,0.707888
728.0,0.351988,1.141126,6.844548,170.464144,42.517212,120.760756,0.70796
729.0,0.351644,1.141344,6.849307,170.715992,42.542514,120.953517,0.708033
730.0,0.3513,1.141562,6.854064,170.967844,42.567798,121.146359,0.708106
731.0,0.350958,1.14178,6.858818,171.219701,42.593061,121.339283,0.708179
732.0,0.350616,1.141998,6.863568,171.471566,42.618306,121.532286,0.708252
733.0,0.350275,1.142215,6.868316,171.723445,42.643531,121.725369,0.708326
734.0,0.349935,1.142433,6.87306,171.975339,42.668737,121.918531,0.708399
735.0,0.349596,1.14265,6.877802,172.227251,42.693925,122.11177,0.708473
736.0,0.349257,1.142867,6.882541,172.479186,42.719094,122.305086,0.708546
737.0,0.34892,1.143084,6.887276,172.731147,42.744245,122.498478,0.70862
738.0,0.348583,1.1433,6.892009,172.983136,42.769378,122.691946,0.708693
739.0,0.348247,1.143517,6.896738,173.235158,42.794493,122.885488,0.708767
740.0,0.347912,1.143733,6.901465,173.487215,42.81959,123.079104,0.708841
741.0,0.347578,1.143949,6.906189,173.73931,42.844669,123.272793,0.708914
742.0,0.347244,1.144164,6.91091,173.991448,42.869731,123.466553,0.708988
743.0,0.346911,1.14438,6.915627,174.24363,42.894776,123.660385,0.709062
744.0,0.346579,1.144595,6.920342,174.495862,42.919804,123.854287,0.709135
745.0,0.346248,1.14481,6.925054,174.748145,42.944815,124.048259,0.709209
746.0,0.345917,1.145025,6.929763,175.000483,42.969809,124.2423,0.709283
747.0,0.345587,1.145239,6.93447,175.25288,42.994787,124.436409,0.709356
748.0,0.345258,1.145453,6.939173,175.505339,43.019749,124.630584,0.70943
749.0,0.34493,1.145667,6.943873,175.757863,43.044694,124.824826,0.709504
750.0,0.344602,1.145881,6.948571,176.010455,43.069624,125.019134,0.709577
751.0,0.344275,1.146094,6.953266,176.263118,43.094538,125.213506,0.70965
752.0,0.343949,1.146307,6.957958,176.515857,43.119436,125.407943,0.709724
753.0,0.343624,1.14652,6.962647,176.768674,43.14432,125.602442,0.709797
754.0,0.343299,1.146732,6.967333,177.021572,43.169188,125.797003,0.70987
755.0,0.342975,1.146944,6.972016,177.274555,43.194041,125.991626,0.709943
756.0,0.342651,1.147156,6.976697,177.527626,43.218879,126.18631,0.710016
757.0,0.342329,1.147367,6.981375,177.780789,43.243703,126.381053,0.710089
758.0,0.342006,1.147578,6.98605,178.034046,43.268512,126.575855,0.710162
759.0,0.341685,1.147788,6.990722,178.287402,43.293307,126.770716,0.710235
760.0,0.341364,1.147999,6.995391,178.540858,43.318089,126.965633,0.710307
761.0,0.341044,1.148208,7.000058,178.794419,43.342856,127.160608,0.71038
762.0,0.340725,1.148418,7.004722,179.048088,43.36761,127.355638,0.710452
763.0,0.340406,1.148627,7.009383,179.301869,43.39235,127.550723,0.710524
764.0,0.340088,1.148835,7.014042,179.555763,43.417077,127.745862,0.710596
765.0,0.33977,1.149043,7.018697,179.809776,43.441791,127.941054,0.710668
766.0,0.339453,1.149251,7.02335,180.063909,43.466492,128.136299,0.710739
767.0,0.339137,1.149458,7.028001,180.318167,43.49118,128.331595,0.71081
768.0,0.338821,1.149665,7.032648,180.572553,43.515856,128.526942,0.710882
769.0,0.338506,1.149872,7.037293,180.827069,43.540519,128.72234,0.710952
770.0,0.338192,1.150078,7.041935,181.08172,43.565171,128.917786,0.711023
771.0,0.337878,1.150283,7.046575,181.336508,43.58981,129.113281,0.711094
772.0,0.337564,1.150488,7.051212,181.591437,43.614438,129.308823,0.711164
773.0,0.337252,1.150692,7.055846,181.84651,43.639054,129.504412,0.711234
774.0,0.336939,1.150896,7.060478,182.101731,43.663659,129.700047,0.711304
775.0,0.336628,1.1511,7.065107,182.357102,43.688252,129.895727,0.711373
776.0,0.336317,1.151303,7.069733,182.612628,43.712835,130.091451,0.711442
777.0,0.336006,1.151505,7.074357,182.86831,43.737406,130.287219,0.711511
778.0,0.335696,1.151707,7.078978,183.124153,43.761967,130.48303,0.71158
779.0,0.335387,1.151909,7.083596,183.38016,43.786518,130.678882,0.711648
780.0,0.335078,1.15211,7.088212,183.636335,43.811058,130.874775,0.711716
781.0,0.334769,1.15231,7.092825,183.892679,43.835589,131.070709,0.711784
782.0,0.334461,1.15251,7.097436,184.149198,43.860109,131.266682,0.711851
783.0,0.334154,1.152709,7.102044,184.405893,43.88462,131.462693,0.711918
784.0,0.333847,1.152907,7.10665,184.662769,43.909121,131.658743,0.711985
785.0,0.333541,1.153105,7.111253,184.919829,43.933613,131.854829,0.712051
786.0,0.333235,1.153303,7.115853,185.177075,43.958095,132.050951,0.712117
787.0,0.332929,1.1535,7.120451,185.434512,43.982569,132.247109,0.712183
788.0,0.332624,1.153696,7.125047,185.692142,44.007034,132.443301,0.712248
789.0,0.33232,1.153892,7.12964,185.949969,44.031491,132.639527,0.712313
790.0,0.332016,1.154086,7.13423,186.207996,44.055939,132.835785,0.712378
791.0,0.331712,1.154281,7.138818,186.466227,44.080379,133.032076,0.712442
792.0,0.331409,1.154475,7.143404,186.724664,44.104811,133.228398,0.712506
793.0,0.331107,1.154668,7.147987,186.983312,44.129235,133.42475,0.712569
794.0,0.330804,1.15486,7.152568,187.242172,44.153651,133.621132,0.712632
795.0,0.330503,1.155052,7.157146,187.50125,44.17806,133.817543,0.712694
796.0,0.330201,1.155243,7.161721,187.760547,44.202462,134.013982,0.712756
797.0,0.3299,1.155433,7.166295,188.020067,44.226857,134.210448,0.712818
798.0,0.3296,1.155623,7.170866,188.279814,44.251244,134.40694,0.712879
799.0,0.3293,1.155812,7.175434,188.53979,44.275625,134.603458,0.71294
800.0,0.329,1.156,7.18,188.8,44.3,134.8,0.713
801.0,0.328701,1.156188,7.184564,189.060446,44.324368,134.996567,0.71306
802.0,0.328402,1.156374,7.189125,189.321129,44.34873,135.193161,0.713119
803.0,0.328103,1.156561,7.193684,189.58205,44.373086,135.389785,0.713178
804.0,0.327805,1.156746,7.19824,189.843212,44.397435,135.586443,0.713236
805.0,0.327507,1.156931,7.202795,190.104614,44.421777,135.783137,0.713294
806.0,0.32721,1.157115,7.207347,190.366258,44.446113,135.97987,0.713351
807.0,0.326913,1.157298,7.211897,190.628145,44.470443,136.176647,0.713408
808.0,0.326616,1.157481,7.216445,190.890277,44.494766,136.373469,0.713465
809.0,0.32632,1.157663,7.22099,191.152653,44.519083,136.57034,0.713521
810.0,0.326024,1.157844,7.225534,191.415276,44.543393,136.767264,0.713576
811.0,0.325729,1.158025,7.230075,191.678147,44.567696,136.964243,0.713631
812.0,0.325434,1.158205,7.234615,191.941266,44.591992,137.161281,0.713686
813.0,0.325139,1.158384,7.239152,192.204635,44.616282,137.35838,0.71374
814.0,0.324845,1.158563,7.243688,192.468254,44.640565,137.555544,0.713794
815.0,0.324551,1.158741,7.248221,192.732126,44.664842,137.752776,0.713847
816.0,0.324258,1.158918,7.252753,192.996251,44.689111,137.95008,0.7139
817.0,0.323964,1.159095,7.257282,193.260629,44.713374,138.147457,0.713952
818.0,0.323672,1.159271,7.26181,193.525263,44.737629,138.344912,0.714004
819.0,0.32338,1.159446,7.266336,193.790154,44.761878,138.542448,0.714055
820.0,0.323088,1.159621,7.270861,194.055302,44.78612,138.740067,0.714107
821.0,0.322796,1.159796,7.275383,194.320708,44.810355,138.937774,0.714157
822.0,0.322505,1.159969,7.279904,194.586375,44.834583,139.13557,0.714207
823.0,0.322214,1.160142,7.284424,194.852302,44.858804,139.33346,0.714257
824.0,0.321924,1.160314,7.288941,195.118491,44.883017,139.531445,0.714306
825.0,0.321634,1.160486,7.293457,195.384943,44.907224,139.729531,0.714355
826.0,0.321344,1.160657,7.297972,195.65166,44.931423,139.927719,0.714404
827.0,0.321055,1.160828,7.302484,195.918641,44.955616,140.126013,0.714452
828.0,0.320766,1.160998,7.306996,196.185889,44.979801,140.324416,0.7145
829.0,0.320478,1.161168,7.311506,196.453405,45.003979,140.52293,0.714547
830.0,0.32019,1.161336,7.316014,196.721189,45.028149,140.721561,0.714594
831.0,0.319902,1.161505,7.320521,196.989243,45.052312,140.920309,0.71464
832.0,0.319615,1.161672,7.325027,197.257568,45.076468,141.119179,0.714686
833.0,0.319328,1.161839,7.329531,197.526165,45.100617,141.318174,0.714732
834.0,0.319042,1.162006,7.334034,197.795035,45.124758,141.517297,0.714777
835.0,0.318756,1.162172,7.338536,198.064179,45.148891,141.716551,0.714822
836.0,0.31847,1.162338,7.343037,198.333598,45.173018,141.915938,0.714867
837.0,0.318185,1.162502,7.347536,198.603294,45.197136,142.115464,0.714911
838.0,0.3179,1.162667,7.352034,198.873267,45.221247,142.315129,0.714954
839.0,0.317616,1.162831,7.356531,199.143519,45.245351,142.514939,0.714998
840.0,0.317332,1.162994,7.361027,199.414051,45.269447,142.714895,0.715041
841.0,0.317048,1.163157,7.365522,199.684864,45.293535,142.915001,0.715083
842.0,0.316765,1.163319,7.370016,199.955958,45.317615,143.11526,0.715125
843.0,0.316482,1.163481,7.374508,200.227336,45.341688,143.315675,0.715167
844.0,0.316199,1.163642,7.379,200.498998,45.365753,143.516249,0.715208
845.0,0.315917,1.163803,7.383491,200.770945,45.38981,143.716986,0.715249
846.0,0.315635,1.163963,7.387981,201.043179,45.41386,143.917889,0.71529
847.0,0.315354,1.164123,7.39247,201.3157,45.437902,144.118961,0.71533
848.0,0.315073,1.164282,7.396958,201.58851,45.461935,144.320204,0.71537
849.0,0.314792,1.164441,7.401446,201.861609,45.485961,144.521623,0.71541
850.0,0.314512,1.164599,7.405932,202.135,45.509979,144.72322,0.715449
851.0,0.314232,1.164757,7.410418,202.408683,45.533989,144.924999,0.715488
852.0,0.313953,1.164914,7.414903,202.682658,45.557991,145.126962,0.715526
853.0,0.313674,1.165071,7.419388,202.956928,45.581984,145.329112,0.715564
854.0,0.313395,1.165227,7.423871,203.231493,45.60597,145.531454,0.715602
855.0,0.313117,1.165383,7.428355,203.506355,45.629948,145.733989,0.715639
856.0,0.312839,1.165539,7.432837,203.781514,45.653917,145.936722,0.715676
857.0,0.312562,1.165694,7.437319,204.056972,45.677879,146.139655,0.715713
858.0,0.312285,1.165848,7.441801,204.33273,45.701832,146.342792,0.71575
859.0,0.312008,1.166002,7.446282,204.608788,45.725776,146.546135,0.715786
860.0,0.311732,1.166156,7.450763,204.885149,45.749713,146.749688,0.715821
861.0,0.311456,1.166309,7.455243,205.161813,45.773641,146.953454,0.715857
862.0,0.31118,1.166462,7.459723,205.438781,45.797561,147.157436,0.715892
863.0,0.310905,1.166615,7.464202,205.716054,45.821473,147.361637,0.715926
864.0,0.310631,1.166767,7.468681,205.993634,45.845376,147.566061,0.715961
865.0,0.310356,1.166918,7.47316,206.271521,45.86927,147.77071,0.715995
866.0,0.310082,1.167069,7.477639,206.549717,45.893156,147.975588,0.716028
867.0,0.309809,1.16722,7.482117,206.828223,45.917034,148.180698,0.716062
868.0,0.309536,1.16737,7.486596,207.10704,45.940903,148.386042,0.716095
869.0,0.309263,1.16752,7.491074,207.386169,45.964764,148.591625,0.716128
870.0,0.30899,1.16767,7.495552,207.665611,45.988615,148.797449,0.71616
871.0,0.308718,1.167819,7.50003,207.945367,46.012459,149.003518,0.716192
872.0,0.308447,1.167968,7.504507,208.225439,46.036293,149.209834,0.716224
873.0,0.308176,1.168116,7.508985,208.505827,46.060119,149.416401,0.716256
874.0,0.307905,1.168265,7.513463,208.786532,46.083936,149.623222,0.716287
875.0,0.307634,1.168412,7.517941,209.067557,46.107744,149.830299,0.716318
876.0,0.307364,1.16856,7.522419,209.348901,46.131544,150.037637,0.716348
877.0,0.307095,1.168707,7.526897,209.630566,46.155335,150.245239,0.716379
878.0,0.306825,1.168853,7.531375,209.912553,46.179116,150.453107,0.716409
879.0,0.306557,1.169,7.535854,210.194864,46.202889,150.661244,0.716439
880.0,0.306288,1.169145,7.540332,210.477498,46.226653,150.869654,0.716468
881.0,0.30602,1.169291,7.544811,210.760458,46.250408,151.078341,0.716497
882.0,0.305752,1.169436,7.54929,211.043745,46.274154,151.287306,0.716526
883.0,0.305485,1.169581,7.55377,211.327359,46.297891,151.496554,0.716555
884.0,0.305218,1.169726,7.55825,211.611301,46.321618,151.706087,0.716583
885.0,0.304951,1.16987,7.56273,211.895574,46.345337,151.915908,0.716611
886.0,0.304685,1.170014,7.56721,212.180178,46.369046,152.126021,0.716639
887.0,0.30442,1.170158,7.571691,212.465113,46.392747,152.336429,0.716666
888.0,0.304154,1.170301,7.576173,212.750382,46.416438,152.547136,0.716694
889.0,0.303889,1.170444,7.580655,213.035985,46.44012,152.758143,0.71672
890.0,0.303625,1.170587,7.585137,213.321924,46.463792,152.969454,0.716747
891.0,0.30336,1.17073,7.58962,213.608199,46.487456,153.181073,0.716774
892.0,0.303097,1.170872,7.594104,213.894811,46.511109,153.393003,0.7168
893.0,0.302833,1.171014,7.598589,214.181763,46.534754,153.605246,0.716826
894.0,0.30257,1.171156,7.603074,214.469054,46.558389,153.817807,0.716851
895.0,0.302307,1.171297,7.607559,214.756686,46.582015,154.030687,0.716877
896.0,0.302045,1.171438,7.612046,215.04466,46.605631,154.243891,0.716902
897.0,0.301783,1.171579,7.616533,215.332978,46.629237,154.457421,0.716927
898.0,0.301522,1.17172,7.621021,215.621639,46.652835,154.67128,0.716951
899.0,0.301261,1.17186,7.62551,215.910646,46.676422,154.885472,0.716976
900.0,0.301,1.172,7.63,216.2,46.7,155.1,0.717
901.0,0.30074,1.17214,7.634491,216.4897,46.723568,155.314865,0.717024
902.0,0.30048,1.172279,7.638982,216.779742,46.747127,155.530062,0.717048
903.0,0.30022,1.172419,7.643474,217.070119,46.770676,155.745585,0.717071
904.0,0.299961,1.172558,7.647967,217.360827,46.794215,155.961425,0.717094
905.0,0.299702,1.172697,7.652461,217.651858,46.817744,156.177576,0.717117
906.0,0.299444,1.172836,7.656955,217.943207,46.841263,156.394031,0.71714
907.0,0.299186,1.172974,7.661449,218.234868,46.864772,156.610783,0.717163
908.0,0.298928,1.173112,7.665944,218.526835,46.888271,156.827826,0.717185
909.0,0.298671,1.17325,7.670439,218.819102,46.91176,157.045151,0.717207
910.0,0.298414,1.173388,7.674934,219.111664,46.935239,157.262752,0.717229
911.0,0.298158,1.173525,7.679429,219.404513,46.958708,157.480623,0.717251
912.0,0.297902,1.173663,7.683925,219.697645,46.982167,157.698756,0.717273
913.0,0.297646,1.1738,7.68842,219.991053,47.005615,157.917143,0.717294
914.0,0.297391,1.173937,7.692915,220.284731,47.029053,158.135779,0.717315
915.0,0.297136,1.174073,7.69741,220.578674,47.05248,158.354656,0.717337
916.0,0.296882,1.17421,7.701904,220.872875,47.075897,158.573768,0.717357
917.0,0.296628,1.174346,7.706398,221.167329,47.099304,158.793106,0.717378
918.0,0.296374,1.174482,7.710892,221.462029,47.1227,159.012664,0.717399
919.0,0.296121,1.174617,7.715385,221.75697,47.146085,159.232436,0.717419
920.0,0.295868,1.174753,7.719878,222.052145,47.169459,159.452414,0.71744
921.0,0.295616,1.174888,7.724369,222.34755,47.192823,159.672591,0.71746
922.0,0.295364,1.175023,7.72886,222.643177,47.216176,159.892961,0.71748
923.0,0.295112,1.175158,7.73335,222.939021,47.239519,160.113516,0.7175
924.0,0.294861,1.175293,7.737839,223.235075,47.26285,160.334248,0.717519
925.0,0.29461,1.175427,7.742327,223.531335,47.28617,160.555153,0.717539
926.0,0.29436,1.175561,7.746814,223.827794,47.30948,160.776221,0.717558
927.0,0.29411,1.175695,7.7513,224.124446,47.332778,160.997447,0.717578
928.0,0.293861,1.175829,7.755784,224.421285,47.356065,161.218823,0.717597
929.0,0.293611,1.175963,7.760267,224.718305,47.379341,161.440343,0.717616
930.0,0.293363,1.176096,7.764749,225.0155,47.402606,161.661998,0.717635
931.0,0.293114,1.176229,7.769229,225.312865,47.425859,161.883784,0.717654
932.0,0.292866,1.176362,7.773707,225.610392,47.449102,162.105691,0.717673
933.0,0.292619,1.176495,7.778184,225.908078,47.472332,162.327714,0.717692
934.0,0.292372,1.176628,7.782659,226.205914,47.495552,162.549845,0.717711
935.0,0.292125,1.17676,7.787132,226.503897,47.51876,162.772078,0.717729
936.0,0.291879,1.176892,7.791603,226.802018,47.541956,162.994405,0.717748
937.0,0.291633,1.177024,7.796073,227.100274,47.56514,163.216819,0.717766
938.0,0.291387,1.177156,7.80054,227.398657,47.588313,163.439314,0.717785
939.0,0.291142,1.177288,7.805004,227.697161,47.611475,163.661883,0.717803
940.0,0.290898,1.177419,7.809467,227.995782,47.634624,163.884518,0.717821
941.0,0.290653,1.17755,7.813927,228.294512,47.657762,164.107212,0.71784
942.0,0.290409,1.177681,7.818385,228.593346,47.680888,164.329959,0.717858
943.0,0.290166,1.177812,7.82284,228.892278,47.704002,164.552751,0.717876
944.0,0.289923,1.177943,7.827293,229.191302,47.727104,164.775582,0.717894
945.0,0.289681,1.178073,7.831743,229.490412,47.750194,164.998445,0.717912
946.0,0.289438,1.178204,7.83619,229.789603,47.773271,165.221332,0.71793
947.0,0.289197,1.178334,7.840635,230.088867,47.796337,165.444236,0.717948
948.0,0.288955,1.178464,7.845076,230.3882,47.81939,165.667151,0.717967
949.0,0.288714,1.178593,7.849515,230.687594,47.842431,165.89007,0.717985
950.0,0.288474,1.178723,7.85395,230.987045,47.86546,166.112985,0.718003
951.0,0.288234,1.178852,7.858383,231.286547,47.888477,166.33589,0.718021
952.0,0.287994,1.178982,7.862812,231.586093,47.911481,166.558778,0.718039
953.0,0.287755,1.179111,7.867237,231.885677,47.934472,166.781641,0.718057
954.0,0.287516,1.179239,7.87166,232.185294,47.957451,167.004473,0.718075
955.0,0.287278,1.179368,7.876079,232.484937,47.980418,167.227266,0.718093
956.0,0.28704,1.179497,7.880494,232.784602,48.003372,167.450015,0.718111
957.0,0.286802,1.179625,7.884905,233.08428,48.026313,167.67271,0.718129
958.0,0.286565,1.179753,7.889313,233.383968,48.049241,167.895347,0.718147
959.0,0.286329,1.179881,7.893717,233.683658,48.072157,168.117917,0.718165
960.0,0.286092,1.180009,7.898118,233.983345,48.095059,168.340414,0.718184
961.0,0.285857,1.180137,7.902514,234.283024,48.117949,168.562831,0.718202
962.0,0.285621,1.180264,7.906906,234.582687,48.140826,168.78516,0.71822
963.0,0.285386,1.180391,7.911294,234.882329,48.16369,169.007396,0.718238
964.0,0.285152,1.180519,7.915678,235.181944,48.186541,169.22953,0.718257
965.0,0.284918,1.180646,7.920057,235.481526,48.209378,169.451556,0.718275
966.0,0.284684,1.180772,7.924432,235.78107,48.232203,169.673466,0.718294
967.0,0.284451,1.180899,7.928803,236.080568,48.255014,169.895255,0.718313
968.0,0.284218,1.181026,7.933169,236.380016,48.277812,170.116914,0.718331
969.0,0.283986,1.181152,7.937531,236.679408,48.300596,170.338437,0.71835
970.0,0.283754,1.181278,7.941888,236.978736,48.323367,170.559817,0.718369
971.0,0.283522,1.181404,7.94624,237.277997,48.346125,170.781047,0.718388
972.0,0.283291,1.18153,7.950587,237.577182,48.368869,171.00212,0.718407
973.0,0.28306,1.181656,7.954929,237.876288,48.3916,171.223028,0.718426
974.0,0.28283,1.181782,7.959266,238.175306,48.414317,171.443766,0.718446
975.0,0.2826,1.181907,7.963598,238.474233,48.43702,171.664325,0.718465
976.0,0.282371,1.182033,7.967925,238.773061,48.45971,171.8847,0.718484
977.0,0.282142,1.182158,7.972247,239.071785,48.482386,172.104882,0.718504
978.0,0.281914,1.182283,7.976563,239.370399,48.505048,172.324866,0.718524
979.0,0.281686,1.182408,7.980874,239.668897,48.527696,172.544643,0.718544
980.0,0.281458,1.182532,7.985179,239.967273,48.55033,172.764207,0.718564
981.0,0.281231,1.182657,7.989478,240.26552,48.57295,172.983551,0.718584
982.0,0.281004,1.182782,7.993772,240.563634,48.595556,173.202669,0.718604
983.0,0.280778,1.182906,7.998061,240.861608,48.618148,173.421552,0.718625
984.0,0.280552,1.18303,8.002343,241.159436,48.640726,173.640194,0.718645
985.0,0.280327,1.183154,8.00662,241.457112,48.663289,173.858589,0.718666
986.0,0.280102,1.183278,8.01089,241.754631,48.685839,174.076728,0.718687
987.0,0.279878,1.183402,8.015154,242.051986,48.708374,174.294606,0.718708
988.0,0.279654,1.183526,8.019413,242.349171,48.730894,174.512214,0.718729
989.0,0.27943,1.183649,8.023664,242.646181,48.7534,174.729547,0.718751
990.0,0.279207,1.183773,8.02791,242.943009,48.775892,174.946597,0.718773
991.0,0.278984,1.183896,8.032149,243.23965,48.798369,175.163357,0.718794
992.0,0.278762,1.184019,8.036382,243.536097,48.820832,175.37982,0.718816
993.0,0.27854,1.184142,8.040608,243.832345,48.84328,175.59598,0.718839
994.0,0.278319,1.184265,8.044828,244.128388,48.865713,175.811828,0.718861
995.0,0.278098,1.184388,8.04904,244.424219,48.888131,176.027359,0.718884
996.0,0.277877,1.18451,8.053246,244.719834,48.910535,176.242564,0.718906
997.0,0.277657,1.184633,8.057445,245.015225,48.932924,176.457438,0.71893
998.0,0.277438,1.184755,8.061637,245.310387,48.955297,176.671974,0.718953
999.0,0.277219,1.184878,8.065822,245.605314,48.977656,176.886163,0.718976
1000.0,0.277,1.185,8.07,245.9,49.0,177.1,0.719
1001.0,0.276782,1.185122,8.074171,246.194442,49.022329,177.313481,0.719024
1002.0,0.276564,1.185244,8.078334,246.48865,49.044643,177.526618,0.719048
1003.0,0.276347,1.185366,8.082491,246.782636,49.066942,177.739426,0.719073
1004.0,0.27613,1.185488,8.086642,247.076412,49.089227,177.951923,0.719097
1005.0,0.275913,1.185609,8.090787,247.369992,49.111498,178.164123,0.719122
1006.0,0.275698,1.185731,8.094926,247.663386,49.133755,178.376042,0.719147
1007.0,0.275482,1.185852,8.099059,247.956609,49.155999,178.587696,0.719172
1008.0,0.275267,1.185974,8.103187,248.249672,49.178229,178.799101,0.719198
1009.0,0.275052,1.186095,8.107311,248.542588,49.200446,179.010272,0.719224
1010.0,0.274838,1.186216,8.11143,248.835369,49.22265,179.221226,0.71925
1011.0,0.274624,1.186337,8.115544,249.128028,49.244842,179.431978,0.719276
1012.0,0.274411,1.186458,8.119654,249.420577,49.267021,179.642545,0.719302
1013.0,0.274198,1.186579,8.123761,249.713029,49.289188,179.852941,0.719329
1014.0,0.273985,1.1867,8.127864,250.005396,49.311344,180.063183,0.719355
1015.0,0.273773,1.186821,8.131965,250.297691,49.333488,180.273286,0.719382
1016.0,0.273561,1.186941,8.136062,250.589926,49.35562,180.483266,0.719409
1017.0,0.27335,1.187062,8.140157,250.882114,49.377742,180.693139,0.719437
1018.0,0.273139,1.187182,8.144249,251.174266,49.399852,180.902922,0.719464
1019.0,0.272929,1.187303,8.14834,251.466396,49.421952,181.112629,0.719492
1020.0,0.272719,1.187423,8.152429,251.758516,49.444042,181.322276,0.719519
1021.0,0.272509,1.187543,8.156516,252.050639,49.466122,181.531879,0.719547
1022.0,0.2723,1.187663,8.160603,252.342776,49.488192,181.741455,0.719575
1023.0,0.272091,1.187783,8.164688,252.634941,49.510252,181.951018,0.719604
1024.0,0.271882,1.187904,8.168773,252.927146,49.532303,182.160585,0.719632
1025.0,0.271674,1.188024,8.172858,253.219403,49.554345,182.370171,0.719661
1026.0,0.271467,1.188143,8.176943,253.511725,49.576378,182.579792,0.719689
1027.0,0.271259,1.188263,8.181029,253.804125,49.598403,182.789465,0.719718
1028.0,0.271052,1.188383,8.185115,254.096614,49.620419,182.999204,0.719747
1029.0,0.270846,1.188503,8.189202,254.389205,49.642427,183.209026,0.719777
1030.0,0.27064,1.188623,8.19329,254.681911,49.664427,183.418946,0.719806
1031.0,0.270434,1.188742,8.19738,254.974744,49.68642,183.62898,0.719835
1032.0,0.270228,1.188862,8.201471,255.267717,49.708406,183.839145,0.719865
1033.0,0.270023,1.188981,8.205565,255.560842,49.730384,184.049455,0.719895
1034.0,0.269819,1.189101,8.209661,255.854131,49.752356,184.259926,0.719924
1035.0,0.269614,1.18922,8.21376,256.147598,49.774321,184.470576,0.719954
1036.0,0.26941,1.18934,8.217862,256.441253,49.796279,184.681418,0.719984
1037.0,0.269207,1.189459,8.221967,256.735111,49.818232,184.892469,0.720015
1038.0,0.269004,1.189579,8.226076,257.029184,49.840179,185.103745,0.720045
1039.0,0.268801,1.189698,8.230188,257.323483,49.86212,185.315261,0.720075
1040.0,0.268598,1.189817,8.234305,257.618022,49.884056,185.527034,0.720106
1041.0,0.268396,1.189936,8.238426,257.912812,49.905987,185.739079,0.720136
1042.0,0.268194,1.190056,8.242552,258.207867,49.927913,185.951412,0.720167
1043.0,0.267993,1.190175,8.246683,258.503199,49.949835,186.164049,0.720198
1044.0,0.267792,1.190294,8.25082,258.79882,49.971752,186.377005,0.720229
1045.0,0.267591,1.190413,8.254962,259.094743,49.993666,186.590297,0.72026
1046.0,0.26739,1.190532,8.25911,259.390979,50.015575,186.80394,0.720291
1047.0,0.26719,1.190652,8.263264,259.687543,50.037481,187.017949,0.720322
1048.0,0.266991,1.190771,8.267424,259.984446,50.059384,187.232342,0.720353
1049.0,0.266791,1.19089,8.271592,260.2817,50.081283,187.447133,0.720384
1050.0,0.266592,1.191009,8.275767,260.579318,50.10318,187.662338,0.720416
1051.0,0.266393,1.191128,8.279949,260.877313,50.125074,187.877974,0.720447
1052.0,0.266195,1.191247,8.284138,261.175697,50.146966,188.094055,0.720479
1053.0,0.265997,1.191366,8.288336,261.474482,50.168856,188.310598,0.72051
1054.0,0.265799,1.191485,8.292542,261.773682,50.190744,188.527619,0.720542
1055.0,0.265601,1.191604,8.296756,262.073308,50.212631,188.745133,0.720574
1056.0,0.265404,1.191724,8.300979,262.373372,50.234516,188.963156,0.720605
1057.0,0.265207,1.191843,8.305212,262.673888,50.2564,189.181704,0.720637
1058.0,0.265011,1.191962,8.309454,262.974868,50.278284,189.400792,0.720669
1059.0,0.264814,1.192081,8.313705,263.276324,50.300167,189.620438,0.720701
1060.0,0.264618,1.1922,8.317967,263.578269,50.322049,189.840655,0.720733
1061.0,0.264423,1.192319,8.322239,263.880715,50.343932,190.061461,0.720764
1062.0,0.264227,1.192438,8.326521,264.183675,50.365815,190.28287,0.720796
1063.0,0.264032,1.192558,8.330815,264.487161,50.387698,190.504899,0.720828
1064.0,0.263838,1.192677,8.335119,264.791186,50.409582,190.727564,0.72086
1065.0,0.263643,1.192796,8.339435,265.095762,50.431467,190.95088,0.720892
1066.0,0.263449,1.192915,8.343763,265.400901,50.453353,191.174863,0.720924
1067.0,0.263255,1.193035,8.348103,265.706616,50.475241,191.399529,0.720957
1068.0,0.263061,1.193154,8.352455,266.01292,50.49713,191.624894,0.720989
1069.0,0.262868,1.193273,8.35682,266.319825,50.519021,191.850973,0.721021
1070.0,0.262675,1.193393,8.361198,266.627344,50.540915,192.077782,0.721053
1071.0,0.262482,1.193512,8.365589,266.935488,50.562811,192.305338,0.721085
1072.0,0.26229,1.193631,8.369994,267.244271,50.58471,192.533655,0.721117
1073.0,0.262097,1.193751,8.374412,267.553704,50.606612,192.76275,0.721149
1074.0,0.261905,1.19387,8.378845,267.863801,50.628516,192.992639,0.721181
1075.0,0.261714,1.19399,8.383292,268.174574,50.650425,193.223336,0.721213
1076.0,0.261522,1.19411,8.387753,268.486035,50.672337,193.454859,0.721245
1077.0,0.261331,1.194229,8.39223,268.798197,50.694253,193.687223,0.721277
1078.0,0.26114,1.194349,8.396722,269.111072,50.716174,193.920443,0.721309
1079.0,0.26095,1.194469,8.401229,269.424672,50.738099,194.154536,0.721341
1080.0,0.260759,1.194589,8.405752,269.739011,50.760028,194.389517,0.721373
1081.0,0.260569,1.194708,8.410292,270.0541,50.781963,194.625402,0.721405
1082.0,0.260379,1.194828,8.414848,270.369953,50.803902,194.862207,0.721437
1083.0,0.260189,1.194948,8.419421,270.686581,50.825848,195.099948,0.721468
1084.0,0.26,1.195069,8.42401,271.003997,50.847799,195.33864,0.7215
1085.0,0.259811,1.195189,8.428617,271.322213,50.869756,195.578299,0.721532
1086.0,0.259622,1.195309,8.433242,271.641243,50.891719,195.818942,0.721564
1087.0,0.259433,1.195429,8.437884,271.961098,50.913689,196.060583,0.721595
1088.0,0.259245,1.195549,8.442545,272.281791,50.935665,196.303239,0.721627
1089.0,0.259056,1.19567,8.447224,272.603334,50.957649,196.546925,0.721658
1090.0,0.258868,1.19579,8.451922,272.92574,50.979639,196.791657,0.72169
1091.0,0.25868,1.195911,8.456639,273.249021,51.001638,197.037452,0.721721
1092.0,0.258493,1.196032,8.461376,273.573191,51.023644,197.284324,0.721752
1093.0,0.258306,1.196152,8.466132,273.89826,51.045658,197.53229,0.721784
1094.0,0.258118,1.196273,8.470908,274.224242,51.06768,197.781365,0.721815
1095.0,0.257931,1.196394,8.475704,274.551149,51.08971,198.031566,0.721846
1096.0,0.257745,1.196515,8.480521,274.878994,51.11175,198.282908,0.721877
1097.0,0.257558,1.196636,8.485359,275.207789,51.133798,198.535406,0.721908
1098.0,0.257372,1.196757,8.490218,275.537547,51.155856,198.789077,0.721939
1099.0,0.257186,1.196879,8.495098,275.86828,51.177923,199.043936,0.721969
1100.0,0.257,1.197,8.5,276.2,51.2,199.3,0.722
1101.0,0.256814,1.197121,8.504924,276.53272,51.222087,199.557284,0.722031
1102.0,0.256629,1.197243,8.50987,276.866453,51.244184,199.815803,0.722061
1103.0,0.256444,1.197365,8.514839,277.201211,51.266292,200.075574,0.722091
1104.0,0.256258,1.197487,8.519831,277.537006,51.28841,200.336612,0.722121
1105.0,0.256074,1.197608,8.524846,277.873851,51.31054,200.598934,0.722152
1106.0,0.255889,1.19773,8.529884,278.211758,51.33268,200.862555,0.722182
1107.0,0.255704,1.197853,8.534946,278.55074,51.354832,201.12749,0.722211
1108.0,0.25552,1.197975,8.540032,278.890809,51.376996,201.393756,0.722241
1109.0,0.255336,1.198097,8.545143,279.231979,51.399172,201.661368,0.722271
1110.0,0.255152,1.19822,8.550278,279.57426,51.421361,201.930343,0.7223
1111.0,0.254968,1.198342,8.555438,279.917666,51.443561,202.200695,0.72233
1112.0,0.254784,1.198465,8.560623,280.262209,51.465775,202.472441,0.722359
1113.0,0.254601,1.198588,8.565834,280.607902,51.488001,202.745597,0.722388
1114.0,0.254417,1.198711,8.57107,280.954757,51.510241,203.020178,0.722417
1115.0,0.254234,1.198834,8.576333,281.302787,51.532494,203.296201,0.722446
1116.0,0.254051,1.198957,8.581622,281.652003,51.554761,203.57368,0.722474
1117.0,0.253868,1.19908,8.586937,282.002419,51.577042,203.852632,0.722503
1118.0,0.253686,1.199204,8.59228,282.354047,51.599338,204.133073,0.722531
1119.0,0.253503,1.199328,8.59765,282.7069,51.621647,204.415018,0.722559
1120.0,0.253321,1.199451,8.603048,283.060989,51.643972,204.698483,0.722587
1121.0,0.253139,1.199575,8.608473,283.416328,51.666311,204.983484,0.722615
1122.0,0.252957,1.199699,8.613926,283.772928,51.688666,205.270037,0.722643
1123.0,0.252775,1.199824,8.619408,284.130803,51.711037,205.558157,0.72267
1124.0,0.252593,1.199948,8.624919,284.489965,51.733423,205.847861,0.722697
1125.0,0.252411,1.200072,8.630458,284.850426,51.755825,206.139164,0.722724
1126.0,0.25223,1.200197,8.636027,285.212199,51.778244,206.432081,0.722751
1127.0,0.252048,1.200322,8.641626,285.575296,51.800678,206.72663,0.722778
1128.0,0.251867,1.200447,8.647254,285.939729,51.82313,207.022825,0.722805
1129.0,0.251686,1.200572,8.652913,286.305512,51.845599,207.320682,0.722831
1130.0,0.251505,1.200697,8.658602,286.672656,51.868085,207.620218,0.722857
1131.0,0.251324,1.200823,8.664322,287.041175,51.890589,207.921447,0.722883
1132.0,0.251143,1.200949,8.670073,287.41108,51.91311,208.224386,0.722909
1133.0,0.250963,1.201074,8.675855,287.782384,51.935649,208.529051,0.722935
1134.0,0.250782,1.2012,8.681669,288.155099,51.958207,208.835457,0.72296
1135.0,0.250602,1.201327,8.687515,288.529238,51.980783,209.14362,0.722985
1136.0,0.250422,1.201453,8.693393,288.904814,52.003378,209.453556,0.72301
1137.0,0.250241,1.201579,8.699303,289.281839,52.025992,209.765281,0.723035
1138.0,0.250061,1.201706,8.705247,289.660325,52.048625,210.07881,0.723059
1139.0,0.249881,1.201833,8.711223,290.040285,52.071278,210.394159,0.723083
1140.0,0.249702,1.20196,8.717233,290.421731,52.093951,210.711345,0.723107
1141.0,0.249522,1.202087,8.723277,290.804676,52.116643,211.030382,0.723131
1142.0,0.249342,1.202215,8.729354,291.189132,52.139356,211.351288,0.723155
1143.0,0.249163,1.202342,8.735466,291.575112,52.16209,211.674076,0.723178
1144.0,0.248983,1.20247,8.741613,291.962628,52.184844,211.998764,0.723201
1145.0,0.248804,1.202598,8.747794,292.351692,52.207619,212.325367,0.723224
1146.0,0.248624,1.202726,8.75401,292.742318,52.230416,212.653901,0.723247
1147.0,0.248445,1.202855,8.760262,293.134518,52.253234,212.984382,0.723269
1148.0,0.248266,1.202983,8.76655,293.528303,52.276074,213.316825,0.723291
1149.0,0.248087,1.203112,8.772873,293.923687,52.298936,213.651246,0.723313
1150.0,0.247908,1.203241,8.779233,294.320682,52.32182,213.987662,0.723334
1151.0,0.247729,1.20337,8.78563,294.7193,52.344727,214.326087,0.723355
1152.0,0.24755,1.2035,8.792064,295.119554,52.367656,214.666538,0.723376
1153.0,0.247371,1.203629,8.798534,295.521457,52.390609,215.009031,0.723397
1154.0,0.247193,1.203759,8.805042,295.925021,52.413585,215.35358,0.723418
1155.0,0.247014,1.203889,8.811588,296.330257,52.436584,215.700203,0.723438
1156.0,0.246836,1.204019,8.818172,296.73718,52.459608,216.048915,0.723458
1157.0,0.246657,1.20415,8.824795,297.145801,52.482655,216.399731,0.723477
1158.0,0.246479,1.204281,8.831456,297.556133,52.505727,216.752668,0.723497
1159.0,0.2463,1.204412,8.838156,297.968188,52.528823,217.107741,0.723516
1160.0,0.246122,1.204543,8.844895,298.381978,52.551944,217.464966,0.723534
1161.0,0.245943,1.204674,8.851674,298.797517,52.57509,217.824359,0.723553
1162.0,0.245765,1.204806,8.858492,299.214816,52.598261,218.185935,0.723571
1163.0,0.245587,1.204938,8.865351,299.633889,52.621458,218.549711,0.723589
1164.0,0.245409,1.20507,8.87225,300.054747,52.644681,218.915702,0.723606
1165.0,0.245231,1.205202,8.87919,300.477402,52.667929,219.283924,0.723623
1166.0,0.245053,1.205335,8.886171,300.901869,52.691204,219.654394,0.72364
1167.0,0.244874,1.205468,8.893193,301.328158,52.714506,220.027125,0.723657
1168.0,0.244696,1.205601,8.900257,301.756283,52.737834,220.402135,0.723673
1169.0,0.244518,1.205734,8.907362,302.186256,52.76119,220.77944,0.723689
1170.0,0.24434,1.205867,8.91451,302.618089,52.784573,221.159054,0.723704
1171.0,0.244162,1.206001,8.9217,303.051795,52.807983,221.540994,0.723719
1172.0,0.243984,1.206135,8.928933,303.487386,52.831421,221.925276,0.723734
1173.0,0.243807,1.20627,8.936209,303.924875,52.854887,222.311915,0.723749
1174.0,0.243629,1.206404,8.943529,304.364275,52.878382,222.700928,0.723763
1175.0,0.243451,1.206539,8.950892,304.805597,52.901905,223.092329,0.723777
1176.0,0.243273,1.206674,8.958299,305.248854,52.925457,223.486135,0.72379
1177.0,0.243095,1.206809,8.96575,305.694059,52.949038,223.882362,0.723803
1178.0,0.242917,1.206945,8.973245,306.141224,52.972648,224.281025,0.723816
1179.0,0.242739,1.207081,8.980786,306.590361,52.996288,224.682141,0.723829
1180.0,0.242561,1.207217,8.988371,307.041484,53.019958,225.085724,0.723841
1181.0,0.242383,1.207354,8.996002,307.494604,53.043658,225.491791,0.723852
1182.0,0.242206,1.20749,9.003679,307.949734,53.067388,225.900358,0.723864
1183.0,0.242028,1.207627,9.011401,308.406886,53.091148,226.311441,0.723875
1184.0,0.24185,1.207764,9.01917,308.866074,53.11494,226.725054,0.723885
1185.0,0.241672,1.207902,9.026985,309.327309,53.138762,227.141214,0.723895
1186.0,0.241494,1.20804,9.034848,309.790604,53.162616,227.559937,0.723905
1187.0,0.241316,1.208178,9.042757,310.255971,53.186502,227.981239,0.723915
1188.0,0.241138,1.208316,9.050714,310.723423,53.210419,228.405135,0.723924
1189.0,0.24096,1.208455,9.058718,311.192972,53.234368,228.831642,0.723932
1190.0,0.240782,1.208594,9.06677,311.664631,53.25835,229.260774,0.72394
1191.0,0.240604,1.208733,9.074871,312.138412,53.282364,229.692548,0.723948
1192.0,0.240426,1.208873,9.083021,312.614328,53.306411,230.126979,0.723956
1193.0,0.240248,1.209013,9.091219,313.092391,53.330491,230.564084,0.723963
1194.0,0.24007,1.209153,9.099466,313.572614,53.354605,231.003878,0.723969
1195.0,0.239892,1.209293,9.107763,314.055008,53.378752,231.446377,0.723975
1196.0,0.239713,1.209434,9.11611,314.539588,53.402933,231.891597,0.723981
1197.0,0.239535,1.209575,9.124507,315.026364,53.427148,232.339554,0.723987
1198.0,0.239357,1.209716,9.132954,315.51535,53.451397,232.790262,0.723991
1199.0,0.239178,1.209858,9.141451,316.006558,53.475681,233.243739,0.723996
1200.0,0.239,1.21,9.15,316.5,53.5,233.7,0.724
